,Informative Feature 1,Informative Feature 2,Informative Feature 3,Redundant Feature 1,Nuisance Feature 1,Nuisance Feature 2,Class Y
0,1.1936334716690584,1.6630612013228852,-0.27515974829076306,0.5300911479446516,0.4261541986482982,-0.28749138580554146,0
1,1.0482695010754746,1.1691080550125064,0.052606897799994945,6.858517878552406e-05,-0.36559019057356745,-0.4222666367582315,0
2,1.0093883149792264,1.3618486248360475,-0.4706839409880541,0.6579773993857259,0.9263986474569728,-0.12000297389133552,0
3,-0.1404794208127842,0.7826795849735071,0.07264267675820446,0.4799407795657887,0.5187585741957395,-0.2739601532237399,0
4,1.3833425805755528,2.188620662960451,1.0561260579991738,-0.5948079239724187,0.43653659533537703,-0.4990966881127854,0
5,-0.10019065446368591,-0.0732396501012158,1.937867237675373,-1.905300179866421,-0.5786173123118876,-0.13952446013472852,0
6,-0.5621860653904855,1.1453149821570778,0.052665794074038375,0.9744545397755505,0.7214363961616248,0.710337465876024,0
7,2.2797535067443366,1.6487820910210764,1.4885614114956602,-1.8955263548073917,0.5488008802662232,0.5631867099463863,0
8,0.9867730635270958,1.2580939505623674,1.0686524849919259,-0.9175863923009788,-0.632673349635714,0.2760897111253098,0
9,-1.6954090537678885,0.33654389386402284,0.6724948675631912,0.5736323695558985,-0.8212358446408012,-0.29986591838609544,0
10,0.44567246674054295,0.7281477320242119,1.061491113430805,-0.8937043569003951,0.1423414893642092,-0.30296786412087284,0
11,2.0716771588612213,2.26793729807635,1.199099124912272,-1.112041534876043,0.3960619298186481,0.911625434921858,0
12,0.5925862911392674,0.3270065051319735,0.33415992860383725,-0.5007899177578855,-0.3135048290152498,0.5666768591406444,0
13,-0.02437322398578412,0.5181111009032318,0.7722291276512185,-0.4430838264630038,0.7500517004675407,-0.4622331390658807,0
14,0.3853632854640272,1.334341918686003,2.641026708643471,-2.0635101695566807,0.39245978353046884,-0.004146419475719032,0
15,1.4373610086010595,1.7534354966476575,1.3735414630050125,-1.2019768646606506,0.33314284856778786,-0.04229417196534713,0
16,0.4624524136142938,0.9501513306922726,1.3811986832930447,-1.0891737741091834,0.3555763457321184,0.2779081414596798,0
17,0.06325932122591271,-0.15092340305871677,2.0060873358917437,-2.1195731423377935,0.05684258564682465,0.16558367501805726,0
18,1.831256543375412,0.9119784954480841,1.7063874842670073,-2.274884768118633,-0.8596122507329169,-0.07635216150847524,0
19,1.4318170444783345,1.0210648425977147,1.7717262947530352,-2.0296062243080057,-0.03375257561219702,0.88020555700755,0
20,2.085664395440702,1.3340674473664433,-0.027261928381489664,-0.45931539203046023,0.5394875038343421,0.16380077879153787,0
21,1.1462536216887285,0.37098027210119855,1.1290336455819636,-1.6033616808036646,0.6544466494441752,-0.14983706159829424,0
22,1.6897802619036246,1.295907721880356,0.3819535504075928,-0.6451272844702093,0.6867806937644958,0.7548498509218982,0
23,1.6713792913709824,1.2133746223345798,0.9921669557542623,-1.2885497883404853,-0.23538545749702688,-0.12744589364943626,2
24,1.6181426415717581,1.3517287898485757,1.6973904654234715,-1.8734222815569868,-0.8093856141961826,-0.48210809786312314,0
25,1.1415289814904082,0.8955950340872877,1.0633371910037244,-1.2230459025543334,0.805059891235619,0.5755449481633024,0
26,2.0995720609846025,1.2188850154091737,4.102205828927628,-4.634649728401559,0.893155079166849,-0.08403536289591917,0
27,1.1477827484711733,0.9982307170917474,0.584529927427063,-0.6906156026053645,-0.29837858178464227,0.10375722199775161,0
28,1.6136465885422266,0.8331719342326703,0.9080931236628302,-1.3959426869915386,-0.298932103304443,-0.7732673719134824,0
29,0.008729629854210108,0.45355044770599995,-0.06511355400508556,0.3291854222448727,0.8844385253153291,-0.9934545208625112,0
30,0.7420451382377231,0.5289494942930761,2.0396155527762425,-2.1649166478222894,-0.2698024881526644,-0.03973308972811718,0
31,2.9008054440855937,0.81992244473202,0.5677732565471613,-1.8562244203952747,0.958076589646826,0.5300901276869476,0
32,2.2705377613871924,1.3818126642296833,1.1677646915039375,-1.7303800914029548,-0.6726231753474252,-0.8226477759292516,0
33,2.017767152567619,2.310165581088278,1.3258449640929642,-1.179604150307291,-0.69800724850305,0.08905890473074085,0
34,0.2892908319758736,1.2033207983419831,2.006470133696072,-1.4527503796889767,0.14859881409351527,-0.8271886053328725,0
35,0.5547940515980966,-0.2158221854955471,1.686392363042248,-2.142655189025745,0.8718555274525617,0.3700068849441642,0
36,0.08219558299228824,-0.32299886477996465,1.0771680076551557,-1.3117088358100473,-0.008343194665985099,0.07578363573545865,0
37,3.324620853543863,1.7577838307798626,0.8057196475038688,-1.7943853630399325,-0.7446492444652568,0.39220659066362384,0
38,0.84340755982819,1.0397140760029158,1.8356805626211388,-1.720773429558166,0.9982223170177067,-0.918377569304327,0
39,-0.21253901128639985,-0.053274881096959215,1.8726152064978667,-1.7596928971613077,0.14474858008542157,-0.776961102171855,0
40,0.8851063701592587,0.6532940886865617,0.16153164156327637,-0.314850368933378,0.6680855000514978,0.43433255671249404,0
41,0.729046174931838,-0.5890146573476802,3.2921161165180495,-4.065306059578694,-0.9069789538228279,0.7472064710491513,0
42,2.266911854127623,0.904234723203814,1.328673304256446,-2.1720689032789147,0.6228979119745921,-0.722418599922813,0
43,2.042092717706233,1.1951648990473702,2.1831319503165805,-2.70891650614666,-0.6043292032062839,-0.03675288320148651,0
44,1.2000381993675509,0.6551353557174072,1.9682365843368919,-2.3001264367879855,0.9932145486133923,0.2595420513777633,0
45,2.28545432763255,1.4203879398486887,2.2830794565322,-2.8234621563132327,0.9849271228341161,-0.10293790838084749,0
46,-0.20067468118608733,1.1681254384607183,1.401041857539465,-0.5720718833199872,-0.5640853883965071,-0.59387662651656,0
47,0.8494060006293144,1.7036329164440491,1.5803432746281594,-1.0759285926198512,-0.19042095168271556,-0.27850106460807234,0
48,-1.5205612022054291,0.06936643884555882,1.6304718010737926,-0.6434414347172113,0.8538788346844812,0.10362368061365368,0
49,0.22386282257824586,0.5359006602579083,0.45020817121196033,-0.2652940188246451,-0.8029363985566782,0.07383242037680082,0
50,-0.2093170874032082,0.9104358085937103,-0.0814855902304481,0.7511929070477572,0.1044191042575584,0.5432604093337381,0
51,0.4058533609459837,0.9879384716529851,1.0678102445889774,-0.7209219889011349,-0.8175590910588599,-0.9493397445415586,0
52,2.101051736459301,1.4726942562910856,0.225393566488566,-0.6370050930227971,0.03555373034496778,-0.8315366025661395,0
53,0.049663364426096424,2.152398805559872,0.043894843562949926,1.2069145180391,-0.8911396458192977,-0.569359645277729,0
54,0.8495760497437077,0.45376784268366,1.5020906147641737,-1.7422082372414054,-0.1434123672005616,-0.90064687356989,0
55,0.4285687915408516,0.5660922368467776,1.0603424838671303,-0.9785096601809806,-0.3819608523781177,0.9381301787730705,0
56,0.5834220103831766,1.6175095750578534,1.4302493521123671,-0.8149456662525576,0.819449700348795,0.2089310282539314,0
57,1.4476624347165754,0.5241695183235933,2.1530344164085413,-2.7134774636637005,-0.651586608691819,0.1454335521768655,0
58,0.588900871709597,0.6674359781829254,2.4152052363162553,-2.361238757450897,-0.7362261974596873,-0.13936981686642747,0
59,1.8991516141009688,0.5662617689089413,1.5470602703708314,-2.364188135827041,-0.26405964551349426,-0.1456029324228172,0
60,-0.35551234801785725,0.9229870218791755,0.03997958123253864,0.7278600349840143,-0.01099648420570598,0.3873000112789513,0
61,0.14795110859574,0.5214013617718437,0.13657109986756866,0.08394251139782477,-0.46121783869388544,-0.2485778257219653,0
62,0.12681351356905868,0.9478219700150261,1.4299234909294356,-0.9328790693359958,0.9677845063148167,-0.6295181823099083,0
63,1.6272050382687588,1.0602072001354852,2.039652719120858,-2.3921542522433397,-0.8423329079084001,0.7947718583580996,0
64,1.1778289684730265,0.9566301162342581,1.4878859635272181,-1.6303443153745927,-0.28684287491360116,-0.2845089788384987,0
65,0.31113357252738283,0.4688734105932386,1.7065547488825892,-1.6056050373964614,0.10761109215088216,-0.06438051120882649,0
66,0.8008361729662136,1.2604435172529551,1.7978932337901985,-1.5257752031600393,0.051755644202189144,-0.42389362006675224,0
67,1.3142682481101386,1.3397629364347592,1.255894551089742,-1.2558471999873912,-0.922659481462283,-0.1730272823242629,0
68,0.38469267416007014,-0.4534652608921743,2.168772407315611,-2.6583981196095623,-0.795017566307243,0.9627857346723141,0
69,1.7351133701053243,1.4123130856830934,2.125342294132813,-2.3338873529861335,-0.01598958974191933,0.54888500376156,0
70,0.30416380717410696,1.414094853438321,0.9569930445016794,-0.29489895208055394,-0.42789798064313334,0.1279836066378064,0
71,1.494113433500548,0.9458683017351833,1.062057064200446,-1.4082958839597637,0.7505465013660637,0.8169660606968805,0
72,0.8648509138219167,0.909570874857677,-0.7649587571366347,0.7695885284480141,0.7233549693853005,-0.23142727329077628,0
73,1.2080624319214888,0.5879391871377898,-0.0642898442939277,-0.3278828788269964,0.5406064224921074,-0.28770029686207765,0
74,-1.9498524929963619,0.2784561913839414,1.4475890942996852,-0.07397762261468976,-0.245523201312009,-0.7375565228898042,0
75,2.0021847575555394,1.5371374826110602,1.08070309777723,-1.3868048599239775,0.8075573334395254,0.07160974559427213,0
76,1.1971546302074543,0.9702290036874166,0.5833574592425713,-0.7364244863300612,0.47012019445908804,0.4026656118784664,0
77,2.296439060613938,0.9224753025184586,1.8454861679543302,-2.692244719738422,0.5279830744510619,-0.5120624183611431,0
78,-0.3177154373600748,0.9044190451883318,0.9913849544290074,-0.250605157116251,-0.7192473511764557,0.5290271052004312,0
79,0.1010422731793088,0.9100828361272499,1.1999748356477093,-0.7113085989871344,0.6305905848817821,-0.6667586952628555,0
80,1.1236430229621421,0.5880255861526067,3.4916718732505885,-3.805087019882365,0.7339289912095206,-0.09358028840033228,0
81,0.978968978982251,0.621580802510394,2.480188270022194,-2.6924701243480507,-0.8259317020648393,-0.9937172682463322,0
82,1.5957354378812003,1.6041458692746464,-0.5241091846149168,0.4952591315711432,-0.844464136672743,0.01273322435137314,0
83,2.973621033114066,1.4217501202339176,0.06034582496840479,-1.0391646187521295,-0.8143643487831635,-0.17637318489399512,0
84,-0.5958571419110722,0.0496331709158927,1.4595135442699054,-1.053164279823938,-0.9516255392538628,-0.932242086378325,1
85,-1.251273751728935,-0.9064492411894143,1.4015599803833272,-1.1623071344686084,-0.19004583201916914,0.4300210837656804,1
86,-1.3192822308335075,3.934263119353674,-0.01966224991427845,3.1707874830502107,-0.28882778170561885,-0.9792402974364924,1
87,-1.9242205738687566,0.25777170474195976,0.6070957195123768,0.7321168217042646,0.11620801396619851,-0.3066059245102337,1
88,-0.5461972284095984,0.25755745406381325,1.5404651626862957,-1.04024577180417,0.9722764534170625,-0.36701955728554125,1
89,-1.0026453910292874,1.6031247934804518,0.7917155083555425,0.783833227742219,0.17327959064386333,-0.26152373228681225,1
90,-0.27391796914724054,0.5634469705594489,1.3827007297809142,-0.8687721136524181,-0.003756681073075363,0.7085480989919706,1
91,-0.20707218304705421,0.4600246819770457,1.6254850973458095,-1.2123053972117512,0.620788108077293,0.8602420737993577,1
92,-0.07104373199463676,0.4743034025609836,1.6254814946664446,-1.2873073664868788,0.7960437240460316,0.584304201231431,1
93,-0.5221703833122537,-0.0017662282008927832,1.5212965694201392,-1.190303524145242,0.015588333273552024,-0.5338953117093033,1
94,-1.918223985812402,0.09809909021191299,0.8456213696859571,0.3966868914529531,0.10985241426578107,-0.33250249355848926,1
95,-0.20866057205333355,0.6469668630248908,1.5766666157838356,-1.0516254220930814,0.5685939370666004,0.9502304162288924,1
96,-0.860257244158096,0.8820329818492193,1.1298020144441394,-0.06825029217891543,0.6800023535601698,0.32642459275217006,1
97,-1.500981989712225,0.7532078600237986,0.7654905532218559,0.6099581197568145,0.4332157366424312,0.2597852746744478,1
98,-0.5565680876756789,0.4378703337431684,1.508160044917475,-0.8945083705642844,-0.24944649282007525,0.9771538248102678,1
99,-1.774864069081904,0.540920274831846,0.7189963697678587,0.697888376017117,-0.4461172619933358,0.9064701556566692,1
100,-0.7046175971934251,0.573721201835682,1.2756804485705893,-0.4920543925699914,-0.654903706349186,-0.2483576594712702,1
101,-0.9921240374054678,2.473469204166007,0.652542463240074,1.4334663153510148,-0.4074570450920385,-0.06694290329732056,1
102,-1.6275424885330614,2.5300938542566525,0.15996484449767556,2.3460811384607307,0.9710075319632849,0.05762407677050163,1
103,-1.7742042171609862,2.7492374250132543,0.012605472024348252,2.7127767697651852,0.4321533115351859,-0.6533790232292496,1
104,-1.0349391574263256,0.45865891127733505,1.1160538507013797,-0.19933872382338924,-0.9808473252217593,-0.7081844556959151,1
105,-0.7992298434385555,0.618972392148634,1.270701495450134,-0.40210331916547326,0.3670855456133433,0.30108774520747783,1
106,-0.7233545942067858,0.10250731389459111,1.3573143753010637,-0.842004204986822,0.23239728555526384,0.31696944353203427,1
107,-0.49059651906614365,2.891648407694766,0.6618728741286541,1.3652079487994495,0.8175308893034952,-0.22198906227490944,1
108,0.0917364788523134,-0.9686907295081282,2.3236094753080696,-2.9388564625167537,0.6231906168618668,-0.10042945897323974,1
109,-0.8264160341947957,1.1067305414879303,1.0212126640493764,0.152469114122614,-0.43380983605680856,-0.9175595394850715,1
110,0.15110719432441,1.4100871084815823,1.475858397831375,-0.7182703992963083,-0.8626737722664342,0.7200152918026206,1
111,-1.0235832159206668,0.22958549258000505,1.193400415352431,-0.4194007764187021,0.7111958075505949,-0.6262025616342524,1
112,-0.2368221971666875,-1.924268591040919,2.2981681728553935,-3.280612584928132,-0.798426720728296,0.7472203213378219,1
113,-2.478213845343336,0.9462000513703226,0.2558417523246249,1.8304996673461305,0.7247325774798665,-0.8982472170192355,1
114,-0.37841808303675717,-0.5099707856636737,1.606203496054257,-1.6652626797958252,0.7878070808507971,-0.08584449677108186,1
115,-0.9195617602331008,-0.7261997675732859,1.4650301748876078,-1.3216518418455194,0.15277186768471362,-0.6711299623471438,1
116,-1.756613585410998,3.630715821888474,-0.3463235686501467,3.582791058774642,-0.9587220900225377,-0.9803723108465583,1
117,-0.9207025891697702,0.7455642364663528,1.1171889513195608,-0.09984431731847931,-0.45782226178325214,-0.7304608367988208,1
118,-0.7595499554918631,1.0203346463699292,1.2632385098639443,-0.18019086575073318,-0.991292376986328,0.7604613651337175,1
119,0.12470003630452275,3.610776610573854,0.9647213297617339,1.1149163895181515,-0.06215085302964862,0.9880407072221373,1
120,-0.28453021537812595,-1.0971268553360378,2.074132076115252,-2.5367243296185595,-0.47013903999546724,-0.07264273033692192,1
121,0.2125348667850675,-0.7137810136924798,2.1014818060699803,-2.6408569386340366,0.8945060233332554,0.6547378288455497,1
122,-1.2765868433626497,-0.4997263125699609,1.2061763790114377,-0.7108074723439667,-0.2671466017956088,-0.7435452108961995,1
123,-1.2375205288408504,1.4115895360884991,0.8605699711710934,0.7456922539990312,0.5117077416486779,-0.7504596643379755,1
124,-0.657520380921025,0.12294294886951562,1.401889200208288,-0.9144935141093041,0.7771561951819588,0.3854411787153351,1
125,-0.6654600374584199,2.2354684174223163,0.7943415922012856,0.9505689994007567,-0.7106521181309258,0.2790188782825733,1
126,-0.8446033734706591,0.08085814730955143,1.3952464162122236,-0.8181030665334734,0.7270468484485964,-0.5763645874829308,1
127,-2.018403771570545,1.2818740781010007,0.42761531857100576,1.5775336125076345,0.3013399379153501,0.05805229481829777,1
128,0.4312901689299158,-0.7618135313598067,2.33134681888631,-3.0318563822721982,-0.9630290852697108,0.3805758855712982,1
129,-0.8088183276468555,0.41461701834002884,1.2760689603656707,-0.52316284219119,-0.41443280177869846,-0.3339443940489708,1
130,-0.87524964004449,0.7941329292986963,1.0291464235122403,-0.011464601674517683,-0.9435344668654482,0.47038655978541044,1
131,-1.3736291927408106,0.8811054537830336,0.8596384765823533,0.5144604978772946,-0.10757913395355545,-0.475381234958834,1
132,-0.42113788346856396,2.0427943625414593,0.9971581649120828,0.48463788023716914,-0.02946784919016543,0.09653800335532625,1
133,0.010906105723857973,1.254638285585234,1.3064239030917633,-0.5565649104341668,0.3865785372777861,-0.6705782065227119,1
134,-2.208307259775358,2.0017603221191385,-0.0560089547680076,2.602505194207882,0.09457612060165466,0.6959768476209522,1
135,-0.34153923282492693,0.5710834521634265,1.4853876101922836,-0.9246275149436918,-0.34950539330043906,-0.7425916586832519,1
136,-1.7945875341832258,1.300493696249558,0.4564236241774381,1.42263100592399,0.6317662555934749,0.662140701067433,1
137,0.0516288422010609,0.9198932867180681,1.6642761456126278,-1.135927912123965,-0.6047592653877674,-0.6794160217766458,1
138,1.1203643128586362,-1.3380878945980306,2.7821780587688725,-4.245238703880855,0.5945997299931187,-0.11663963685385381,1
139,-1.568913251672508,-0.11743962159437293,1.0088798840795858,-0.10804171106365423,-0.48739289401126973,-0.5543039734670332,1
140,-1.6170798894767748,1.3417646471521585,0.6253483819687067,1.1705791093063886,-0.9490669326875474,-0.6154790223527726,1
141,-1.753246117570376,2.036148186865363,0.2943096103067222,1.9959537692680396,0.8509559478047455,-0.009064177287204433,1
142,-0.49431595821428975,-1.3752736254755122,1.8229239047503512,-2.3241693486431023,-0.27833070077507593,-0.7574540263895173,1
143,-1.3363122385438504,1.0221952701482584,0.8232927107678544,0.6115911050999244,0.13829256146496505,0.15234220769661366,1
144,-2.7961155405488185,1.121013398777069,0.07273683969241895,2.3114066530381443,-0.4252825692383442,-0.9492825452066129,1
145,-1.9653333163359492,4.528129041693385,-0.4899252140329555,4.387513535595472,0.6702698295752381,-0.7531101580121611,1
146,-1.350945101993992,0.7891136556162445,0.8412191184067419,0.464068220537191,0.20084624938273077,-0.2917290160897186,1
147,-1.8737478049959124,-0.8400007804303768,0.9569072798864434,-0.29935455905778197,-0.9424966027605659,0.4276609889999481,1
148,-1.0235881701884095,-0.4869827367758697,1.3707815168384965,-1.0218913977674793,-0.17832434008899778,0.11572311739613594,1
149,-1.7930469742496056,2.2714973489564017,0.06698130600860053,2.3860599431408724,-0.3323206424037737,-0.1775294567529242,1
150,-0.03549189856243806,-1.1309933351089612,2.113461481408292,-2.7487877032075163,0.12141495420768034,-0.8963897857623941,1
151,-0.5485526576527013,0.600298791336565,1.339737542121712,-0.6356130033014473,0.47657789805847717,0.9169675770297747,1
152,-0.6314119984839295,2.576679884353017,0.8900495265766231,1.0377499965821873,-0.022743249933768972,-0.6749574013341793,1
153,-1.349740729644574,1.3397476273596998,0.6216233523453063,1.008965071118927,0.1563183640459902,0.9442525916186477,1
154,-0.3619844179220749,3.4173156020640727,0.6820795928559,1.5790454032599066,-0.22677187794181064,-0.4295248742083828,1
155,0.6445699781280574,0.5614431065508037,2.178267515552206,-2.223345619009047,-0.9944093502296938,0.30895990125160955,1
156,-2.367451346752108,2.3892584812732136,-0.17760986223144726,3.0514930196201155,0.5074858490292056,-0.44504228897857323,1
157,-0.18918063406724284,-0.6243739524271321,1.8419427111197928,-2.0834712814545355,0.42776198941119326,-0.70158205114016,1
158,0.7932683913901442,0.45288296121960203,2.113461944750135,-2.3149186997553377,-0.7378260993762804,0.6431297810836483,1
159,-1.914257014663793,2.129683876238229,0.19448108958416221,2.2495329337499337,0.6786318009069219,0.8833173476245757,1
160,-2.078377300161474,-1.0670925045073418,1.0432184673367724,-0.3945478990370552,0.6979652336189157,0.37350684097796116,1
161,-0.781736318559751,-1.312491690477783,1.741332435946119,-2.0293934286457653,-0.5476237560869524,0.34393324298191486,1
162,-0.9526241365244481,-0.054647849570157,1.2231735489006932,-0.6616649307357999,0.5168961825012401,0.26932745899008204,1
163,-0.003439614290510984,0.7063334133716358,1.5578690277344305,-1.123617175222927,0.6208019469248449,-0.4577110864217042,1
164,-2.8431435354289305,2.439628326223099,-0.433275126462046,3.627213584538505,0.9507189883400244,-0.6277431259939386,1
165,-1.0466586925841748,0.5326768941045594,1.0377231000803848,-0.07035537906930922,-0.6969183162164849,0.698442365243136,1
166,-1.3157056210024503,-0.5057226672895996,1.1722067460641445,-0.6566495876314042,-0.3921154222988905,0.5556200127673152,1
167,-0.5733796225363506,0.8816831782149531,1.1377049202784417,-0.25240614392726624,0.9350011381989072,-0.574864023247736,1
168,0.14065098815284272,0.5312126424069095,-1.3669427994418957,1.5864098024674642,-0.9838508844207992,-0.3157601639806382,2
169,1.512727658215352,-1.9373265352374662,2.6559950874112106,-4.7174952158203425,-0.3973772277009304,-0.7753268349125593,2
170,2.224957675966564,-2.7592503953826792,4.407444130560975,-7.382071161435363,0.0024455582504561146,0.24489239196852353,2
171,0.862746480508534,-0.5126797758992112,-0.3027618053532102,-0.5342509656584087,0.8907408973492723,-0.9619379289435046,2
172,0.6347609143566127,-1.231040421299224,0.8060998957271925,-1.9222970735322429,0.7416548320095298,-0.4241901908201944,2
173,1.3518276148589543,-2.1476981207554817,1.9547894385742202,-4.048018863176947,0.574392790274133,-0.5898205515436208,2
174,0.8963889169530231,0.2841290695320653,3.4730616065177484,-3.8279727386928917,-0.3599159626113426,-0.6630959939706866,2
175,0.9560365534195776,-0.6377781698909457,1.0827798112366045,-2.041035408288975,-0.7892233802437794,0.3147743711938049,2
176,1.7675809225704837,-1.689897385824345,3.062889916545297,-5.130506338837495,0.6615807419238475,0.251845431516436,1
177,0.9858885004716779,-1.0575303829762674,1.0044559614031576,-2.23143732467506,-0.7063369525096053,0.6814534782119701,2
178,0.6606386453702918,-1.564299742153851,-0.47286644689920054,-0.8672192060826398,0.8104494681496601,0.8810489470438141,2
179,0.5142102016980377,-1.0096236350541121,-0.6564504540756668,-0.26502943194360573,0.8672998752430772,0.5445533738873651,2
180,0.9045842166566632,-1.4595597957937754,0.4142213907353448,-1.8350161918547887,-0.046194651220153204,0.38284745507004425,2
181,0.9025816038752777,-0.8477262905839916,0.5084317623074952,-1.5631624895076248,0.1844258140156969,0.9085592182829612,2
182,1.0027583029383669,-1.522571539727235,0.0862730526440405,-1.607313374631485,0.4975845587039518,0.8260416003358553,2
183,0.7879209119506021,-1.3604458692308112,-0.8019115005261725,-0.4974758852677851,-0.5198604052182141,-0.22806082152022422,2
184,0.9922099566472578,-1.221110533349004,0.7711901435500713,-2.1011675739303315,0.869981653422532,0.25840436356000596,2
185,1.4170650174583868,-1.1478779786179438,1.5316473482905573,-3.0730966274913367,0.03845367708751146,-0.7689586613280714,2
186,1.1850242957920594,-2.5535795976821563,0.8769101847947296,-3.117447270350768,-0.15437581058158556,0.6850316172241975,2
187,1.636894038543741,-2.4369538835469258,3.4977395939834346,-5.926442358025391,0.6955891228299522,0.2127269186228229,2
188,0.33123751194459405,0.026452621730608028,-0.2889990117983128,0.09922138830567911,-0.5854060908675249,-0.1754451934432537,2
189,0.46293862783204665,0.6521565644700513,1.2395947423598435,-1.1262854678852725,0.5207122652904155,-0.1882761979532961,2
190,0.2858986234534273,0.31053715884863653,-1.9216790908996897,1.9164581952774264,0.3199996613024334,0.2897474605660977,2
191,0.7805450898260571,-0.6188099472782213,0.009804790706084976,-0.8571554144375179,-0.729426772401643,-0.2369830468694063,2
192,1.5522838385405833,-2.489727792741104,3.1137157596015244,-5.524789992700769,-0.07088620445519767,0.019363405297276426,2
193,2.2365704515982943,-2.367602308859618,5.014415257585327,-7.758499320391839,-0.9293950185857855,-0.808645568413707,2
194,1.7724256595259749,-1.8505575908719296,3.946344221890411,-6.105869774145315,0.4755728671828803,0.3912243513608986,2
195,1.1235650920271907,-0.45343834530542115,1.2881874761735683,-2.2380235063416105,0.3946863372503304,-0.699573866144531,2
196,1.2060562347214028,-1.1369302331826454,1.0309546673125263,-2.4401427477179527,-0.5193391358681851,0.19459951408342357,2
197,1.4297511868659467,-1.5562398707230358,1.9681728099319107,-3.7571392187827897,-0.8413497634965117,0.5856210882627406,2
198,1.1999410843081026,-1.4230903703749052,2.3906640101155463,-3.956121899144938,-0.9748440856466261,-0.43970960962687977,2
199,1.8723177079116722,-2.098444492363887,3.6349107300631616,-6.005636906063755,0.682743898810527,0.6296929347766813,2
200,0.93273501865057,-0.3317979781207775,1.0950953106523607,-1.8568547749188815,0.34570069293240224,0.9363393563143771,2
201,1.4398756985023655,-2.3393667293014677,2.0974396615815563,-4.3577087393884835,-0.628654089703732,0.3211642028852173,2
202,-0.09758536610830992,1.030745619744886,-1.9957997208966773,2.654046394268369,0.6025611314132147,0.5007557227806014,2
203,1.4907100411463394,-2.226766745455298,1.0505318859036357,-3.282909331085756,0.2323123600230288,0.8854870207505015,2
204,0.8022425181517518,-0.6352804561141198,0.00601988124783992,-0.8765205886372308,0.759789165353074,-0.6967790391168271,2
205,0.6820489328745172,-0.7964575981356665,0.07521399274968199,-0.9673306625622657,0.5353541637653916,-0.536314370884118,2
206,0.5529424135276689,0.745666547197223,-0.19257662638566098,0.2954589506960811,-0.021492730202370636,-0.6896137955197055,2
207,1.0020085249315691,-0.9849937373629756,0.7570292689969607,-1.9526078055546923,0.7717975397208472,0.7138493114447328,2
208,1.8489522158642266,-2.508802715685721,3.8922565678669923,-6.490911696389828,-0.11104759648614304,0.10443969232634176,2
209,1.3387049220525218,-1.2945277904605976,0.7644186347258055,-2.3508419070843165,-0.6367509678688794,-0.6072783375816324,2
210,1.128721186503394,-0.8753408451314114,0.6907181590574291,-1.8993245745524192,0.46953246304400165,0.31554865935908194,2
211,1.2803828328458116,-1.0394990891544595,3.3314812254078845,-4.710918852087891,-0.8926811661813461,-0.5400100989726391,2
212,0.764480735312498,-0.28571055466321693,0.2028417222861435,-0.8406330380174611,0.1454522356259247,0.4918686366631533,2
213,1.0981507057618454,-1.5828759556748095,0.16753361801876054,-1.7824069404779554,0.9083108463619651,-0.5991432021321546,2
214,0.2906958071911251,-0.16868359727930715,-1.1373547031772082,0.8499184354391965,-0.6236320494499952,-0.3996227955799192,2
215,1.9729777237975388,-1.222035221658575,3.524168650248859,-5.4359435289466695,0.34395756025453283,0.4991307440246391,2
216,1.4264550362106123,-1.2863461146604773,3.2010199449652785,-4.818019579662956,-0.6719819113617145,0.5925875382687666,2
217,1.5542605689085547,-2.533551058833903,3.395797776113572,-5.832033534004694,0.2454665596214891,-0.5146893290249401,2
218,1.183151055007044,-1.9014768745600368,0.7093406517082359,-2.5619066474223047,0.5934169175354138,-0.8215475808050756,0
219,1.566894409343791,-2.0575897769497073,1.2982287868982114,-3.47481775772365,0.31943527845249275,0.6876331622722072,2
220,1.1591260858513264,-0.4674295326612796,1.3041768447388686,-2.2840483096695,-0.044717855554231134,0.9963748515937003,2
221,1.3207350708776067,-2.4978884700556216,2.569700308502897,-4.847604126514881,-0.0286130339252062,0.06218616930542065,2
222,1.3246062075971845,-2.3886443187209436,1.0273954393188138,-3.254320982245196,0.8459631923386626,0.1514281717041177,2
223,1.0468530483814524,-0.8548776711089111,1.2590978877919463,-2.40097280621635,0.42168865031299774,-0.48365047580567944,2
224,1.471643793600597,-0.8366204951671806,2.0902714944117156,-3.4757618253187914,-0.8132218711679988,-0.6002015693781568,2
225,0.8413719078685791,-1.7155780018719113,0.08463595122095191,-1.621483545329796,0.004303087386073878,-0.8002574899192738,2
226,1.0946700379851333,-1.6633382104926635,0.2833460307589597,-1.9430928848931266,0.013953110650050338,0.6652809382881602,2
227,1.277015448454775,-2.023276212552811,1.1114245348132898,-3.0910577111845434,-0.018843049469242867,0.8590365749954838,2
228,0.36356402191268444,1.334531292100762,-0.3971942947981928,0.9652356899994363,0.8522903592524378,0.6897039348112621,2
229,0.29814480519153297,-0.5183517113541873,-1.2634470955452999,0.7623857162760502,0.21798298812882422,-0.3985301785906481,2
230,0.5958143592251497,-0.20414850918613947,0.06923317451306221,-0.5559557048077499,0.5293661041173963,0.9529802175030311,2
231,-0.14515008729856982,0.2681919863169633,-2.973623888251928,3.199855307702504,0.5899818119646165,0.7392613307757347,2
232,0.6891061731114176,0.720118949417073,-0.25312060448147533,0.25675462800075866,-0.7616475416312709,-0.6853269956627683,2
233,1.553125622730274,-1.7745511119317618,2.927645640652637,-4.915017903523095,0.22007297065197995,0.5047656053845215,2
234,0.2602327565507334,0.19579061009412402,-1.1913470588145825,1.1391135697588683,-0.19989645906617448,0.2350239894926449,2
235,0.8946003724573872,-0.6981799729983824,0.4678003886642188,-1.4289388981664077,-0.829809680570843,0.6433701500604343,2
236,1.0205991720898693,-2.0044524861176924,0.6292714095045377,-2.4439418334709035,0.14384600063919128,0.15469653179802711,2
237,1.2556582330518402,-1.3584243491438266,1.1881123875909032,-2.7583798358050897,-0.4279101570886652,-0.8547847146569134,2
238,0.44736959199225323,0.22029947990019294,0.6937539118619185,-0.8320265439098885,0.9442736551168645,0.052555733928604687,2
239,1.1677530594127012,-2.033929226071221,0.7808667525447948,-2.7022664858174754,0.058260587279038045,0.5445321888910883,2
240,1.4592327141080723,-2.9680682331908415,2.552457670245825,-5.195330514663979,-0.2812025741318036,0.0017080501423079042,2
241,1.5631487811827474,-2.1912459012772785,1.930578780618143,-4.17963092706279,0.6990987235493913,0.36973048746000714,2
242,1.2195406067791899,-1.2427864025561357,1.5811347366820203,-3.0574394556033875,-0.030096483925126094,-0.6775265539344386,2
243,1.3476142572954855,-1.8507102118646097,1.6806396859194097,-3.5966079200547973,-0.9826376069836469,-0.800337407981395,2
244,0.8994245120018266,-1.1695452067150354,1.008976621722954,-2.249510226172198,-0.3572947646031437,0.9105857112474629,2
245,1.2490041709880073,-0.9778815136875735,2.445060452226266,-3.7752666585140515,-0.07870678710809864,0.16976865090585402,2
246,0.5059861232290608,-0.2546426782352922,-0.6525474305005674,0.1854598347321148,-0.9606047362956387,0.45012406360864055,2
247,0.9943457471627775,-1.6821415833385593,1.1358038410029039,-2.7387107178136763,-0.8947450766714278,0.8239446598951874,2
248,1.7021827146645752,-1.9235718037350487,2.1137534930507935,-4.287467280588154,0.5441539528585568,-0.6823000027444932,2
249,1.5660114073235905,-1.3410709400274334,1.5351228214799522,-3.2829545615490554,0.5366190273715619,0.6904611814456454,2
250,1.379320365837399,-2.3494792961474475,1.1058183910151942,-3.3424298087794773,0.5898704146302334,0.006237092175488401,2
251,0.4100945650514001,-1.5519394967545765,-1.4149525450878273,0.22890106462996407,0.3026758381297501,0.8251237653114087,0
252,-2.2951747050793507,-1.8655766685922852,-1.0020350639481208,1.2931231484693,0.5062520288547256,-0.49458316690976734,0
253,-1.5128162780333945,-1.6902692300213924,-1.3030569761134831,1.2159370548781645,0.6957709550369204,0.7958659520651321,0
254,-1.451230181200399,-0.9839200258575008,-1.0544774888986512,1.351803179565028,-0.6194005787962873,-0.3079308727292298,0
255,0.4270813171078578,0.283963353536582,-0.6445704713880442,0.5465225648856221,0.46978531379034405,-0.9015644853991016,0
256,-2.6693550638355026,-2.4220726228236655,-1.4876389489032333,1.6735632108903709,-0.5573138571573699,-0.49954452119683546,0
257,-0.40922479500409337,-0.44911525622464965,-0.5509013656175401,0.5306623057065377,-0.7976311200380968,-0.37307464846407146,0
258,-1.3299773310081267,-1.1023950526151014,-0.26386092771049907,0.42222239478249834,-0.6463463683107922,0.09812880204298469,0
259,-1.878133605093922,-1.6199969089035153,-1.6219892447479458,1.7985355247877552,-0.010547987372643508,0.5484583501607392,0
260,0.5188284189797128,-0.932630748049498,-0.4719291169296085,-0.40516968176128604,0.16629724399936796,-0.5023989349065621,0
261,-1.134795090274077,0.8527338798591315,-0.6961956646363666,1.8950350763922879,0.8428620414942081,-0.051650559687060005,0
262,-0.8553869249629598,-1.0692616918348705,-0.5117347127984446,0.3966058875280829,0.8232470286255489,-0.18694850342310376,0
263,-2.48842373483337,0.08820058041706247,-0.8760721154813457,2.4494994575867484,0.6936371198536229,-0.6516626633618814,0
264,1.3270183024699898,-0.9604825203718302,-0.24664347764161032,-1.1414481855402303,0.4505019657274689,0.026629888995413076,0
265,-0.519073575065518,-1.2774873384642185,-1.1032599385039228,0.6532855839278385,-0.407793837032018,-0.03753172442846231,0
266,-0.5698018879304434,-0.5970685052652849,-0.38892316581669684,0.3804296681589709,-0.037466100575402006,0.4622601607729169,0
267,0.5199948060737489,-0.016654544344727573,-0.5339916390567008,0.2008355548568912,-0.5935853921689185,-0.7328000717359093,0
268,-1.6897170183458452,-0.5595313389077807,-0.6210480011069082,1.3206173970085706,-0.8357182028684265,0.3885029373227029,0
269,-0.8237447035009051,-0.5492755136353726,-0.8506192647087162,1.0229653791593711,-0.6126761291165148,0.3446619205464292,0
270,-0.6604830876316434,-2.9843664183683662,-2.0319389011620825,0.6459294944620715,-0.8054063652364987,-0.978005721812861,0
271,0.605073595328188,-1.0447038591471065,-0.9771443086525506,-0.023415487317617778,-0.7043962516374889,-0.5460390921754352,0
272,-1.4349397730808082,-0.9811722492489278,-1.2314797973108487,1.5191024682284722,-0.032057236164200864,0.8933988668867408,0
273,-1.7252666836089843,0.06104040462957272,-1.1018045386922988,2.188884943243873,0.999014513888848,0.6861809552011855,0
274,1.1793527148954395,0.748680938325945,-0.1291935785239663,-0.1501831371103516,-0.39758148472355725,0.9516072444639812,0
275,-1.4735344347710124,-1.920172152773566,-1.9938018367524597,1.7405230355467833,0.9712266972285657,0.17310824188850926,0
276,-2.2953526528948363,-1.6224392153613116,-1.2522970830392508,1.6863015542207551,-0.7878934465471381,-0.6779485827331253,0
277,-1.381483761617675,-0.1879834433515878,-0.19620109719688017,0.9308889381876251,-0.5104986096337054,0.1559854590933163,0
278,-1.1192980326900832,-1.0021280351393484,-0.6887643702321964,0.7742567762371868,0.6960773325952441,0.0734707536086836,0
279,-0.8737644822651799,-1.5302014524308167,-1.1595701731727912,0.7765043257190021,0.09472406300656822,0.9818961566793221,0
280,-1.0714935924288338,0.6598658099179491,-0.3303372435905687,1.378301766226066,0.7417838247123549,-0.6012858905389333,0
281,-0.4043451783499461,-0.15414072508561827,-0.1765196489683578,0.3316647342880059,-0.9665424511258369,-0.005755271078828006,0
282,-0.9944707140981747,-3.3865422347054888,-2.2404886991911415,0.8185781508724013,-0.6099292680812693,0.41249629422750944,0
283,-0.07825616795797119,0.296536843350397,-0.4394395466770612,0.6606350510976493,0.41715391377051114,0.7612227568135435,0
284,0.6143330796475415,-0.0936053681175153,-0.8183823727210354,0.37936913950203005,-0.38541538667278896,0.8959305936726145,0
285,-0.550944835184774,-1.9980697169922834,-1.6776766667268856,0.814081718751637,-0.37383537817279944,-0.8244977022059043,0
286,-1.1576025256731666,0.25315651912842285,-0.6984332161105002,1.5544279834181993,0.06494305406409473,-0.42589652824407676,0
287,0.17014070988005314,-0.9742067853892465,-1.0665721443892051,0.37428206373353223,-0.5648707424008612,-0.6262209833941901,0
288,-1.721131686702074,-1.1927233319165502,-0.9688446759208322,1.3082354214125878,-0.19815338987486264,0.4386812512032452,0
289,-1.6159732993484957,-3.4347607532549076,-2.7274745512328806,1.6547053413579063,-0.761470611092876,0.49062595069404025,0
290,-1.8423144391774446,-1.1879798452669532,-1.4527332026545938,1.865678653539245,0.20531253972163155,-0.8387489174239027,0
291,-1.0656078722292468,-0.8656938486369684,-1.035108690028318,1.1662205935286432,-0.5719103867037012,0.019707476653092026,0
292,-1.753699113377429,-1.9356755289847922,-1.5808592152462473,1.4934594484602155,-0.5987531746906034,-0.4538644792221225,0
293,-0.5423633545551806,-2.182782572661064,-1.1466617522097575,0.1718847537121091,0.5202300305163168,0.11007512741642667,0
294,-0.7112197029457734,-1.3824991367572357,-0.4644964578714704,0.07480733120321398,0.20869198052539328,-0.15623148973203604,0
295,-1.8026652654901878,-1.8753682132631828,-1.5853538830161262,1.5638696987309681,-0.7587846495420731,-0.996907110798978,0
296,0.32543866568689483,-0.9752097848630195,-0.8930860409465128,0.10617845165339523,-0.7517223494475067,-0.6777795978005414,0
297,-0.4683400562944612,1.369166297787868,0.5140675690636418,0.5921535364010948,0.9109093870288489,-0.5187386732702777,0
298,-1.4671057443632962,-1.6268926878890198,-2.0689999671586823,1.9857466650114923,-0.36980375943781274,-0.5728504918755317,0
299,-1.2399610978841253,-0.9063077258474854,-1.1630218906438734,1.3760256449555486,-0.9035639877783952,0.28145869836159276,0
300,-2.263840618069085,-1.86622468836674,-1.7283181190231844,1.9942947299837275,-0.1836952502930147,0.2543171197451246,0
301,-1.3154418954671696,0.02822705167253492,-0.8423751464413253,1.6603109405036416,0.2696561243851414,-0.6377333067706634,0
302,0.325912075547121,-0.17137385127757276,-0.3958879337893523,0.09083819160004353,-0.8980038976508569,0.17972494032036557,0
303,-1.020659769027937,-0.8881589479859269,-1.0409166396027039,1.1310227778697466,-0.7156193547179228,0.4059486069970184,0
304,-1.5123031002217182,0.42007249794141055,0.5616285364449796,0.6209685966912017,-0.737519438473299,0.8590107522206474,0
305,-0.7888142732952654,-0.12810317104707392,-0.10548248377496561,0.5126730761970589,0.7923974087105987,0.888872063409891,0
306,-1.0916367908553326,-1.959420993419438,-1.381944856554856,0.8754994427699212,0.1215715844193963,-0.43588553920718875,0
307,-0.589833360664098,-0.40768665766960577,-0.24004348292566258,0.35767963938950076,-0.4014485686583069,-0.2026089893662104,0
308,0.4191485274319322,-0.24499126993524678,-0.48279677936550314,0.07604309023020789,-0.4013508198161364,-0.4860300675417466,0
309,-1.0037939455074725,-0.5111754506040167,-0.7369578183808959,1.0433640245531788,0.4631596866090446,-0.6316671748282261,0
310,-1.2261469299719727,0.03162590504026053,-0.47970609278843934,1.2475913496073332,0.6467242422172257,-0.4995021897649341,0
311,-2.5464185694154877,0.63747580949498,-0.07215137670895166,2.014149601044117,0.6442230121305887,-0.6389311585516257,0
312,-0.2689088870888492,0.08632433345043267,-0.7733111294285698,0.9839133086087113,-0.6233465934534301,0.043307121177199814,0
313,-0.4690512682950716,-0.09347496129000232,-0.33292550672234833,0.5627132317902671,-0.04519608242370543,-0.9623659065464318,0
314,-0.29811228318193805,0.5577854771252131,-0.2768738797870308,0.7897384450529397,-0.5403754935271103,-0.0042505799655605525,0
315,-2.4395108831036074,1.0153879545382622,-0.02391726764901614,2.125561220545272,0.6733463539690012,-0.6934175053887406,0
316,-1.8621340119766607,-0.8996060523908945,-0.6422666790629189,1.2451268628703958,-0.16392731016553652,0.1578345642948582,0
317,-0.8918720734350207,-0.8222781258739524,-0.9431293218714031,0.9941241952723088,-0.5893694024430169,-0.6659730562680053,0
318,0.3227777169878474,0.3502606063783218,-0.34133617914011816,0.34906496728827596,0.9974856383578468,0.9276876819828224,0
319,-0.24456462188567218,1.1109733796687267,0.16814511049441183,0.64443333275023,0.13429835102536813,-0.04730902436972251,0
320,-0.6378828402369149,-0.12989305743317048,-0.02241125403108435,0.33651293838018453,0.8776736699781496,-0.7917431619022712,0
321,-0.2075332807493142,-0.5805124716830283,-0.3728202201850128,0.15191700938626318,-0.3922673756012687,0.8420165416785066,0
322,-0.4977769411471963,-1.404929679877463,-1.5089275310169643,0.96696776604003,0.6645677598150954,-0.3769044555213439,0
323,-1.4667753654699105,-2.1124136243910137,-1.641977254270051,1.2727998676198697,0.5735167063765547,0.722485961961731,0
324,-1.600349086979827,-0.30834503513103606,-0.5572717233659781,1.3519526491205862,-0.17445372841464946,0.9009466949152871,0
325,-1.3773739907565852,-1.3425814047399904,-1.2663132523212108,1.3032482599475559,-0.5179950853847402,-0.5019635380794512,0
326,-0.8947976163617294,-0.268775684909094,-0.8236633508785355,1.206765034411246,0.9990646057720534,0.790271893347684,0
327,-1.866817500051987,-0.7412533835231974,-0.8835276982699245,1.581679870637315,0.09380646700119977,0.6710081119908693,0
328,-0.37896211947320013,-2.355106531138325,-1.8042662143064747,0.6216553273325294,-0.6066253826201691,-0.48330831047651523,0
329,-2.85526854715137,-2.516289530118697,-2.4129689234700322,2.6499518795549566,-0.7322007796815806,0.47759452513605893,0
330,-0.7345959197138486,-0.8676921909066706,-1.013854844348848,0.9407410581063491,0.42055605014648534,-0.3413063637006706,0
331,-2.1646268127041735,-0.8070420361628198,-0.9027757191918621,1.7444444659798541,0.052530915337916984,0.3608868071665374,0
332,-0.288468164644776,-2.138497376588566,-1.2331000786816697,0.1281674703909419,-0.5521570171624253,-0.8165130338746385,0
333,-3.0800360962443083,-2.2819455032680382,-1.4607862200786292,1.9824110681891807,-0.8354604964529673,0.6996253436483983,0
334,0.0026798133872957264,-1.793021513068937,-1.2750811581732135,0.19670940663455405,0.6238481325786476,0.6093836216582806,1
335,1.35290947621077,-0.6217916788784142,-0.8802196603652375,-0.3269895174369044,0.6794747578646645,-0.38986551619267806,1
336,2.9648414621859134,0.23279766100341237,-0.5250629848826538,-1.1603773407760078,0.503795009172987,-0.05214424603054768,1
337,1.3146790076480857,-0.8867590462561862,-0.9446297683768818,-0.39728886768933835,0.09233562661379291,-0.6352327089437029,1
338,1.6749548982215883,-1.34416359952337,-1.1426567491602981,-0.6941369334616887,0.38143127950208977,-0.8721104541969866,1
339,1.6362141983463312,-0.6031975340736632,-0.8156148853939156,-0.5539511015852407,0.4121269489610435,-0.24397761637803383,1
340,-0.47191561028418216,-1.93921832707909,-1.3721499930305514,0.49737594052733425,0.840086315954335,-0.8526555664719582,1
341,2.0165361926530263,-0.9847330732745716,-1.0166889232942424,-0.8149285993088484,0.30681749903623756,0.35895394469800235,1
342,1.004346385101404,-1.3105319994391071,-1.0999187893605,-0.30487250962161494,0.3054936258245038,0.14322859380672948,1
343,0.2019368964249869,-0.6555661230632255,-0.8998469191337557,0.37893237709518135,-0.7027611782049097,-0.9387498697725725,1
344,2.325882861694584,0.21427918345285413,-0.5247854681142405,-0.7794385479553311,0.6243405413188245,-0.978780078823273,1
345,0.23959997759622687,-1.8142523724660133,-1.3459622858559168,0.10898215212090556,-0.31664464169230766,-0.8730073234554117,1
346,2.697941624351391,0.6221469985502841,-0.4145851550563674,-0.8744643560091351,-0.404115098941185,0.5045891704309224,1
347,-0.4547184399071138,-1.8903237762893133,-1.3194258027646473,0.4635923685286909,-0.7905203885745282,0.498103300828161,1
348,0.49476757253221704,-1.4058072593091597,-1.1858785818709678,0.03654920549160234,0.06512239919200136,-0.08389973386913963,1
349,-0.0868408194017658,-1.9663756395134755,-1.363330708395703,0.23607666088760748,-0.2032503888363555,0.14247116109306046,1
350,-1.150240154582745,-2.291266280655662,-1.5023650153240813,0.8334916521241246,-0.6367776583176823,-0.7288358207726786,1
351,0.1547358824916889,-1.3078207591637612,-1.1358359665838167,0.25393395931809504,-0.17157963595489334,-0.6309304586075233,1
352,0.8920680095695617,-0.6351032848803885,-0.8923157004104292,-0.04001204433222727,0.326576607820791,-0.22605508192886403,1
353,0.8007591515582176,-0.3997086668729313,-0.7258808162926753,-0.009046034324801666,-0.03637837221723084,0.24624946479494736,1
354,0.9253269408059012,-1.019157307297876,-1.0440670946805686,-0.1383877975317236,-0.2619344688860037,-0.5276230665091628,1
355,-0.23924808643851048,-1.5491492247630427,-1.20114218202404,0.41697733619988264,-0.48163331989640645,-0.9186987743836048,1
356,-0.6678812800367262,-2.4687574908851735,-1.5683550454242234,0.49724798044449825,-0.9560948428734657,-0.7866105398486063,1
357,1.6443847789242874,-0.20735726412969946,-0.7189906916456474,-0.4192827170706491,0.32276088746960463,-0.856477550532291,1
358,1.6626353284467619,-0.4601974944589262,-0.7604317637270399,-0.5398319844399175,0.8727713670091577,-0.5588581674148865,1
359,1.9922636949945307,0.2907791365674115,-0.48716197534622774,-0.5664523546900588,0.7273371068128036,-0.7496458704643183,1
360,0.6549147221112698,-0.5578934408186925,-0.7532794885544924,0.013533458403817478,-0.4279489476912397,0.38837025776110634,1
361,0.8493027904221133,-1.100271227872291,-1.0657326639082783,-0.11849095276710098,-0.6282769005478528,0.8646293354381265,1
362,0.14248129590997394,-1.795220243820558,-1.297796196051509,0.13212475190175188,0.2281678206277875,-0.5223075807161617,1
363,1.7609260724731288,-1.0993154178536944,-1.0097103940576122,-0.7331356889144853,0.7092927830824693,0.5061849320355634,1
364,0.7818663428134008,-1.0813093798013493,-1.0089209758162982,-0.12219133901271051,0.2752436875278421,-0.29269422748094076,1
365,1.5823920936012015,-0.28313791365544594,-0.684723993804493,-0.4603347149046977,-0.963069097410306,-0.41057367748978124,1
366,1.1122786342179622,-1.867446753004375,-1.33499031635294,-0.4692726611448266,0.6026369163884064,-0.8027048456050485,1
367,0.6029757400744664,-1.429082890551951,-1.157950225528015,-0.07144545982850681,0.018594359597866594,-0.2827182996999149,1
368,-0.19356418461039526,-1.8794903707192503,-1.3494414466946036,0.3395146018363224,-0.3831962638725386,0.779823072565887,1
369,0.8565742770499085,-1.8798716192748959,-1.3461293293604477,-0.30864401682614195,0.6191403162588613,0.3673525501880426,1
370,1.3343031511609185,-0.24237192757286863,-0.7224417183371348,-0.24634750048985765,0.6935056326969264,0.2170731421458394,1
371,1.1323032056404965,0.1022708875333076,-0.5301991553201661,-0.10802728648959037,-0.04002904831463705,-0.5292797024777458,1
372,1.347666011829864,-2.321465498967363,-1.4944420370389198,-0.7257244885047975,0.46595161707897725,-0.9311473773408454,1
373,0.6862274759313016,-1.2426001653487802,-1.1292557815780904,-0.04004632781515327,-0.2586401084715686,0.9748789697323903,1
374,1.8150054770944957,0.4291044081188924,-0.42753341810019596,-0.4344952799004086,0.837824030791791,-0.30607720606739064,1
375,1.3296165498440986,-1.328558076535404,-1.127735594444417,-0.48766632846170976,-0.7867645391859754,-0.1664857550587775,1
376,2.2790086027126915,0.4262532930749361,-0.46235763079365,-0.6864670379338258,-0.024345069542042408,-0.44652714625076295,1
377,1.096380016071322,-0.6125628937294417,-0.8685305919633302,-0.17562305709527104,-0.07515632561782626,0.9481492316969329,1
378,-0.32410658798383496,-2.1356587361527346,-1.4296889644429291,0.3468366946785668,-0.18491341422877183,0.15249204057467347,1
379,1.4753383760701269,-0.38326125797895616,-0.7766559056676621,-0.3629678921028473,0.19923767589473496,0.3655741824573209,1
380,-0.3074800005777423,-0.9788760800471213,-1.054442125823784,0.6526601730899053,-0.17647605384934417,-0.8276853022952513,1
381,-0.06835026222740215,-2.128311049881493,-1.4289536553765094,0.19347959921861713,-0.334677550951489,0.3984922323228217,1
382,0.08007953293459913,-0.33520399063714024,-0.798479146366875,0.5437932705890612,0.15729807868393286,0.21525363646036344,1
383,1.0359273684963188,-0.7391336117608923,-0.8910200205358598,-0.19152025614273493,-0.3845498885153167,-0.5130687705747103,1
384,1.3035317497796421,-0.6937470223757531,-0.9024933557375993,-0.3173959126336201,0.6097296150197165,0.5956425613491945,1
385,1.507710506818591,-0.1364029389885586,-0.71189587844309,-0.30019687670022843,0.8246791884955225,-0.6477533868045908,1
386,0.7341350559895596,-1.450544624090425,-1.1455603863806114,-0.17702850929413327,-0.5547294479687392,-0.6934904208086599,1
387,1.2281502316506143,-1.3353784022052575,-1.0920484171851492,-0.4648559481079737,-0.6911829244966368,-0.1338685481509041,1
388,1.781157710263655,-0.8088106146890321,-0.9924259079604831,-0.5898199434252076,0.04548470746109379,0.25667015876456833,1
389,-0.7072097777764785,-1.0421248393998284,-1.0258700102958311,0.8320432807009933,0.7587050353734275,-0.41219631640226195,1
390,1.964099062746276,0.32538612182821525,-0.4278786345710477,-0.587402410767221,-0.848428442390567,-0.8418818556768843,1
391,0.46476234535396366,-1.578541454396817,-1.2087349961356446,-0.02514785049786683,-0.5605034857988211,-0.7286743168409724,1
392,1.3409688753445552,-0.9275922012290059,-0.9815376692581677,-0.40109963380324953,0.15732775408939004,-0.9329218875214991,1
393,1.8032993431221314,0.90140560542125,-0.26544607056033986,-0.3070890431813179,0.5521532637510758,-0.2603917826772184,1
394,0.10600329082694182,-2.434475143281368,-1.5731676436129725,0.04736507567965598,-0.9496775652327367,0.10280555654051482,1
395,2.0567937549433637,0.15773824719285057,-0.499753057805425,-0.6727463568340919,0.45565029938731283,0.6060763517592884,1
396,0.24583034352888844,-1.373893570887242,-1.2197255376696372,0.24194735268276046,-0.5655396470871317,-0.24390678339237581,1
397,1.7308033703726486,-0.48701631938241996,-0.8103184378597158,-0.5481293069577391,-0.8450696068600057,0.6485192118290493,1
398,0.772254516928967,-1.015179164378764,-0.9810283921635707,-0.10461637931791412,-0.46663336896672303,0.7512991207791033,1
399,2.194868055713891,0.15048843411809143,-0.5412834017083067,-0.720603762262623,-0.6441953708928183,-0.5935630792844011,1
400,1.5597312248442876,-0.8619522010106326,-0.9711353807132765,-0.506649571121106,0.4175733168164608,0.6084763159755731,1
401,-0.007288120524336472,-1.4341796130699653,-1.1244620421706946,0.26690674539782555,-0.21050388132816256,-0.6903841243652988,1
402,1.86376598107205,-0.1571220665405949,-0.7130371042609309,-0.529965390089808,0.6052015496321688,0.771169783856787,1
403,2.4585342927543286,-0.49137200061691166,-0.8846110523326832,-0.9237200870936592,0.9822834892353833,0.7724078705709834,1
404,1.5001848355327483,-0.5495123176478922,-0.786032636247922,-0.46785599625874974,0.6094050297415916,-0.41200459544254175,1
405,1.6455201323021362,0.8350965470148919,-0.23943619609509637,-0.2755096587746694,0.801029270105234,0.41777171117931067,1
406,1.4653253334704628,-0.2582950426229229,-0.7467548460108907,-0.3121246684529252,0.5996580795753059,-0.7982530102545728,1
407,1.2442798575428746,-0.4641152634330261,-0.8166912497274615,-0.22951508900383522,-0.9089449303406762,-0.38675088823378045,1
408,0.10962251839457648,-1.7385450177653041,-1.3404555146418295,0.2283617666110933,0.9536043370277052,-0.22165406994261572,1
409,1.3519747099763038,-0.6184921713019869,-0.9032384826354504,-0.30160725468294547,0.7376073077359362,-0.2725872079933487,1
410,-0.10646119659692932,-2.1434786762303544,-1.3978973620062067,0.1770263591567649,-0.9918767119257366,-0.10282479925744492,1
411,0.9728465324877659,-0.3663798029338451,-0.7843087334123472,-0.03686337969992659,0.8750930516754349,0.06999339112094272,1
412,0.3535108398779505,-0.8709074243654505,-0.9821447874545577,0.23940513650542083,-0.08581844592325427,-0.914205743780417,1
413,0.9250781510811033,-1.6040836650694041,-1.2456923408887515,-0.28624330821708144,0.11268510271464871,0.20658532084675119,1
414,0.22528600673324173,-1.8245294746665022,-1.3163582380348466,0.08227253723240668,0.530565696042415,0.7565796730193055,1
415,1.8350569493042825,-0.32787619885521835,-0.7454600663253375,-0.5817855131390354,-0.006055407562822079,-0.772757191827067,1
416,-0.5705821623578733,-1.7139439427335375,-1.3530455144382598,0.6730522555888745,0.9352655258195346,-0.752168797359853,1
417,2.068379778557263,-0.7825181900147324,-0.6089151857411552,-1.131099693618085,0.3991987251725655,-0.4224090186194407,2
418,0.9324023628416214,1.2428182851538798,-1.0260517049150089,1.1855666167338499,-0.6398452826083998,0.8259713886937983,2
419,-1.4813364930304966,3.173744551352616,-2.887958909540363,5.664268872812251,0.1318535691445768,-0.5764360063503067,2
420,1.2246611735023207,0.6249851785760684,-0.9434077892358613,0.5564466173210294,-0.8215438157307415,0.3734519148462425,2
421,2.0589908964312533,0.12886575741590334,-0.7908504980972033,-0.40238141399007954,-0.9277204509744037,0.04772889434002292,2
422,-2.15559540814852,4.130614965944574,-2.4481013808653698,6.211107055227707,0.2864271517532724,0.7189994054407696,2
423,0.3140315543875928,1.8183644632594045,-1.4251894595643395,2.3038105036849,0.27635498482936116,0.6641320131774548,2
424,0.4672215277453454,0.5512534532903601,-1.4908220382103343,1.5208087780284045,-0.5605201000684898,0.1934345210104631,2
425,2.1541506542464575,0.035801386392915635,0.13677200159205838,-1.4367919414698065,0.6500354228389613,0.7526823011740162,2
426,-0.6717776614889903,2.835843243704512,-2.3492005559975744,4.43152643392552,-0.01783770262766793,0.9239119012928223,2
427,1.8002010688739587,-0.12951329211560925,-0.7096976565006143,-0.4778283305379263,-0.19215380009795302,0.5798130334246643,2
428,0.2498074516392016,1.6917765682674935,-1.3863618987280004,2.2293648331733347,0.1522592770903548,0.3045084142865486,2
429,1.3026205040364716,1.2749451322204335,-0.5959647017019619,0.5505864773466466,0.7595608893161101,-0.7887859853366856,2
430,1.387960696736155,0.5563406595341605,-0.5030496132700628,-0.02167906299625677,0.984420127347883,-0.6203838064648655,2
431,1.6440764656063154,0.568780235853964,-0.6906302891735319,0.01466581567827585,0.09432603342222978,0.6151956562602778,2
432,1.8824678834933815,-0.0731279653086776,-0.9658414550101673,-0.24056508376540242,0.540105050719426,0.12671982357851608,2
433,1.2922583884376206,0.6130269396277369,-0.6948013214766955,0.2611072735701498,0.7206438435101188,-0.150150955492528,2
434,3.0679223566653047,-0.8383184264127899,0.7131568615569317,-3.0899706752775993,-0.7855810972316066,-0.7323629381896906,2
435,-0.8398436452464786,2.796318366100328,-2.1511225426755436,4.314593417045602,-0.37673497396379196,-0.5125387745937346,2
436,-0.04490760202350996,1.4097331592020907,-1.4149674173726523,2.270816316122736,0.17127129224908644,-0.4855201505546747,2
437,2.6700276704219412,-0.6155442606354438,0.3074098965306844,-2.310456780958528,0.15024951215568128,-0.8050928301224647,2
438,0.6995717143162895,0.9408513191903686,-1.4439681228442924,1.5635397902717816,-0.5134686431315525,0.01649597942028702,2
439,0.9181919145807544,0.3683685650140929,-1.1933310250726334,0.8398904456292978,-0.7806052127984076,0.18318319720371878,2
440,0.030694669071214542,1.6785016188014845,-1.5465552201824708,2.5149526510032025,-0.9387315408081314,-0.2643235322996167,2
441,1.1939085825212619,0.3831173840043789,-0.6433753266708608,0.13361687719954352,0.8847768422985856,-0.34300130697047515,2
442,1.5982480246641828,0.7533777515664211,-0.6732586013646048,0.1354181251282972,-0.9752925521064668,0.8970944857995138,2
443,0.9258476281463903,-0.18261082512980975,-0.9941375691835339,0.30959718040565976,-0.2376701301448585,-0.8126788224662305,2
444,1.2236667126147804,0.9528962479049626,-0.724355238341382,0.5348114145110737,-0.24079638825977145,0.1059582643254775,2
445,1.201136980812853,0.6752822852099283,-0.17168227119343404,-0.16507027822772624,0.019600668315231218,0.21779996441239002,2
446,0.13589918653321764,1.33309335915642,-1.2778676377812046,1.9781509472425052,0.9203677790273805,0.5143660570987556,2
447,2.2249162704860366,0.49099116178534485,-0.7010235180985609,-0.3778723998224096,0.8956488799899587,0.5081670361725477,2
448,-0.20364182621437266,2.8313382374883913,-1.716943263963255,3.513995250502612,0.845134267274309,-0.33843974958650946,2
449,2.1012674499142436,1.1970060583799365,0.34027566389088726,-0.9152222964920866,-0.7208012621210786,0.9515809219214939,2
450,0.07145308735841494,1.5972110304381244,-1.9712453350244248,2.8630330508155852,0.2834680397648337,-0.22779015712023853,2
451,0.6424074587828643,1.6033734390427963,-1.080064937945447,1.6317679789373871,-0.5641350385879216,0.6532041257493761,2
452,1.8483114749650942,0.7130559826579435,-0.38515278483588766,-0.3280119026606938,0.14181067043804307,-0.9483054410710194,2
453,1.38603725525272,0.7364181851805007,-0.5717681218262542,0.1548707826451579,-0.45240348733875746,-0.2557460039813022,2
454,1.4603791092854514,0.746567644446128,-0.690517950045751,0.2331271532670502,0.41785224653425246,-0.9320802629219018,2
455,-1.0948973977466157,2.9028509897711317,-2.499282449467134,4.880091173824104,-0.6633821762484431,0.810884472715335,2
456,0.054981704688451316,2.105745701295923,-1.1233540279629401,2.334309142544043,-0.4117553419926243,-0.3059357969326977,2
457,0.9864389611161521,0.16819713771684341,-1.370720108423121,0.8549151813763676,0.8815638589671664,-0.8109363980144462,2
458,2.1378328242475995,0.11193641552829847,0.3628154457688335,-1.6057989863913447,0.9640085923599737,0.021417781935544333,2
459,-0.17926241624214256,2.04628516423636,-1.8450117528122276,3.1589185967747717,-0.32708281837612896,-0.286882384627805,2
460,1.1744614775483535,1.4986587235252493,-0.7032697629420601,0.8688922030353603,0.7459130882102363,-0.5872444658958416,2
461,-0.9410389844779357,2.913567832628593,-2.3548595403095574,4.648689586278465,-0.3148028097006861,0.9352632181650449,2
462,2.624048091119633,-0.6912219700251616,-0.1769327795249751,-1.8465888598828275,-0.9609336184656634,0.39886832043408615,2
463,0.6788213376918875,1.754798506969618,-1.1205885417125505,1.7397500583926608,-0.12763859040780634,-0.8213466852089326,2
464,0.9033335356346931,0.6155021686243771,-1.162168821714404,0.9651623281786845,-0.5717775274773254,0.7766550592875481,2
465,0.7706072809081763,1.5833747427249931,-1.1891080401150944,1.6493872443469555,0.9085635490906905,-0.6670825572769146,2
466,1.5215537749663046,0.7357111880739695,-0.2694156104830637,-0.22880565782439483,0.015063959489412415,0.27270779821945834,2
467,0.024779793312793785,3.12637960384912,-1.5772688575944034,3.4107454117283345,-0.7992860963895234,-0.17862667369671859,2
468,1.377794005545905,0.5343409632239843,-0.8114205170804749,0.2775087206377832,-0.10766895659492115,0.8542736984206134,2
469,1.0740606039046887,0.44673401305371274,-1.2033488466879387,0.8007878757371176,0.5094997437346953,-0.5455499099534309,2
470,5.263622792576759,-2.7054892407313114,1.131212206984027,-5.963947501731982,0.6259551800783434,0.6843332318440789,2
471,3.33697511741769,-0.9954862861232945,0.1419953147497477,-2.7818255036739603,0.3289378561172549,-0.39379642905594503,2
472,0.7941689642659986,1.171378516774101,-1.051471375586438,1.2531347541673554,0.00019644805115892616,-0.6032738501763464,2
473,0.39755544161318834,1.54721934954836,-0.9915698481582234,1.6608291757254035,-0.026062122113815978,-0.5574698143640491,2
474,-0.525630421527493,1.7522027573387726,-2.3248111583151325,3.6726960321917845,0.1877461404391776,0.39447746608924583,2
475,2.243504538494544,0.47895621083810447,-0.48539965792942585,-0.610439203679743,0.6473501058363196,0.62731427274087,2
476,3.3705681182949374,-0.6921363645059018,0.9594655865315127,-3.43320348061964,0.04663571886170392,0.8751365825492765,2
477,1.0489394730711998,0.7245032734916887,-1.187368691750761,0.9656592837682272,0.6377246699331383,0.8620542177124639,2
478,2.993503668385277,-0.21591031445249675,0.21409139153576295,-2.1785793478791815,-0.0864420228450804,-0.9694693129109015,2
479,0.42185250381400596,2.036635581393332,-1.658257740520985,2.598829489214129,-0.961422566397365,0.9426028245988001,2
480,-0.15905381365416527,2.546528597016001,-0.9633485956098486,2.5692271618032603,0.007116075912214859,0.1749793516053031,2
481,0.08914904907865129,1.6520817734604796,-1.5277921978509719,2.4447249762754106,-0.1009659732140542,0.12671300071110858,2
482,1.147034492963544,0.6406803862432411,-1.6180758396756778,1.2830071616408014,-0.11019713027758793,-0.38683001791040206,2
483,0.7463267613163832,1.0300373068843232,-1.367376913011579,1.511903828965848,0.5703534646789516,0.2523706427005432,0
484,1.9931741518328832,-0.262694048202043,-0.9005844513849205,-0.4861046656992455,-0.8860997831691824,-0.4154392593469731,2
485,1.2216768861849028,-0.5280858501777912,-1.6320830097524368,0.5555162912142635,0.58562496092742,-0.9283844159800232,2
486,2.333017525426875,-0.37504176906601594,-0.3522025032460424,-1.305820988907751,-0.8043688040737207,-0.6638454730021495,2
487,3.1680540506859787,-0.3580745368135583,1.004450820987362,-3.154720734385996,-0.8028156300450606,-0.42769218918867735,2
488,1.5386244219316825,0.6542351252898442,-0.9981428082016159,0.43544397486233033,0.4365609852776766,-0.3460612461098562,2
489,2.507317555643496,-0.17875230099161055,0.0037186887544926606,-1.6492298557568243,0.2871422203180416,0.6900226820568522,2
490,0.031450413697428514,1.6722899126756645,-2.269537986347855,3.2283087745950474,0.7699327892510242,0.03817383562440879,2
491,0.7307563496718166,1.039458194597346,-1.5202932996102483,1.678828966344443,-0.6114678388895487,0.2836333415811836,2
492,0.9534530503778844,1.3955051598323227,-0.7048171499228473,0.9447074051446807,-0.25285620551652155,0.6719876449681133,2
493,0.9429268276651701,1.6382083131908953,-0.7035908332878935,1.0943927786428667,0.983955400562391,0.9305323465944477,2
494,1.650505803984482,0.45444665386431016,-0.5126078557796969,-0.2340012000827585,0.816967050076681,-0.10116446776720212,2
495,0.7289709148141459,1.9369682542359201,-1.1695286210145481,1.8659502821312142,-0.018954331240483846,0.40449408378780527,2
496,1.840847756220007,0.2620872830583695,-0.6331655084821239,-0.34567897307886253,0.49685884900542643,0.9366544349278021,2
497,0.6555944395999709,1.521356147277182,-0.3993873484038212,0.8993302114985366,0.4960322011565532,-0.5689438411940044,2
498,-0.5047106635190146,1.8786284756603546,-2.2438125551169574,3.6547080158737533,-0.06391616107255382,0.8309800723298097,2
499,0.974268288589762,1.1224646209587146,-0.8792806763927011,0.9425786584248487,0.8510540139709346,0.6791443901408039,2
