,Informative Feature 1,Informative Feature 2,Informative Feature 3,Redundant Feature 1,Redundant Feature 2,Nuisance Feature 1,Nuisance Feature 2,Y
0,-1.0334660835773457,0.48204576752798767,-0.6507513205137713,1.17946775547246,0.3911719908219867,-0.45285475557962873,0.638832796548704,-0.6654132306721542
1,1.380414381334086,0.9719026621517766,-0.10622080444708548,2.4273862971800924,2.2971551397748358,-0.48424896489610214,0.08815699821085476,3.1998868752864698
2,1.2853587489529696,1.0780201524796147,-0.861891810841563,0.5105949742692207,3.498386653717475,-0.9096704876768928,-0.5839413419553958,1.1848971030556756
3,2.2652338239670766,1.3758486825843201,-1.9736360481757211,1.3700934784545538,2.245252620979586,-0.4065945031256575,0.2638056230588919,1.9736251669118992
4,0.29532268032652453,1.8267518560306046,-1.8412814193812868,0.8183007336434046,1.248909272499611,0.08144409766612548,-0.8678751705123793,0.27371827568645607
5,-0.30766545887463326,1.1761813875270262,-1.0512921435134277,0.17941469015140354,2.5035066681971445,0.05779612147884028,0.01239161903095276,-0.18501648154892422
6,0.06644245704486818,1.2390807164834807,-1.6757006443746745,0.35062075989238606,1.6600527074482363,-0.9049803896001243,-0.9009007958615187,0.38749379642523607
7,-0.030687306245382517,0.9698135965378036,-1.5531199544237593,-0.4764606648705375,1.5130928254614195,0.5255709106390991,0.4536570249799732,-0.2333277304372413
8,0.8022114356142388,1.761138051838783,-1.7622679828235106,1.1509212436581602,0.4517076349427156,-0.9388312993311843,-0.27590829778976,0.916301419657551
9,1.818980699198598,0.7045122903559318,-0.1874485120639401,-0.17216402854416346,-0.5357649551395025,0.11179523267068436,-0.35719004105054997,1.0021517451693758
10,0.8604978925103206,0.7784311824550185,-0.5181067323126831,0.3579629498764903,1.5321495207684874,-0.4135509633975114,-0.09231733773523598,2.0038372260832684
11,0.963178697997943,1.4323685711861345,-0.9136574084857415,0.7748714880134162,1.3132836123375249,-0.14005006595049685,0.8625655581508438,2.7262186628547207
12,0.7206543063333462,-0.23818164640192085,-0.47857321077990655,0.578451405415458,0.8897315814536696,0.5312992433973565,0.2640508506804988,-0.03594374745768299
13,1.7514737093299946,1.332760758942804,0.24841800601811204,0.9835075652225221,1.1875667289589895,-0.12364467056498629,-0.6436351831581473,2.580087452634509
14,-0.6958818036993746,1.5233094310652446,-0.4746137409384481,1.6079716021012924,1.9365549913816578,-0.0362938657649956,0.10683431927363296,-0.7449207368714814
15,1.520941624950861,0.8334919491117116,-0.9887694729742549,1.0956330952924638,1.7559357646573297,-0.5651751565873726,-0.6295446438945143,0.7140770986300028
16,0.4994001736756918,0.9940388638932254,-0.27131410805782963,1.6102461543485096,-1.3293126312497856,0.5776243188046255,-0.5595004815151776,2.4430580646935063
17,2.1043645682208902,1.1955717111611648,-1.3732021067206603,1.8196954282135418,0.3302702201739105,-0.38340626767232666,-0.2617632132953911,1.1163840789833934
18,1.5167203642636626,1.892430932972709,-1.119715111761626,3.2079823229359006,3.0783472559836875,-0.8882713764584222,0.7855870366428364,1.4045146126074377
19,1.8420724151206118,1.8987392080686525,-1.3958643997128153,0.8153324361335947,2.2158579230588837,0.7656754577605831,0.19257668382011106,2.347839618807753
20,0.7979784086456873,1.735454100120367,-2.1160631559661343,2.1639656332476416,2.9289183700579455,-0.7087834176197259,-0.6323760969938104,-1.2009864212928205
21,0.2983253034721739,2.73777065311786,0.12131769471587894,0.9393274679129315,1.278204990511729,0.1569512616119404,-0.6997259768286477,2.05101993150134
22,-0.87553246336824,1.9573469595244448,-1.1825955733549989,0.5659341205237158,2.18409337484833,-0.5654515615852542,-0.12523323435379385,-2.131876385112575
23,0.187406517686729,1.8167433509388937,-1.3713701869462622,0.5112630997375398,2.3542528122969686,0.08393343478910342,0.9983874304643678,0.021566261025381894
24,0.41182365781937724,1.9713943440257677,-1.40586733729619,0.5938218099511622,3.475418361368391,-0.2437168176710791,-0.5370655799219923,1.7511449499913017
25,1.1931779775936826,0.5463712484302505,-1.0547725221896083,0.259538818868863,0.5645009593353052,-0.061040966862291324,0.37240665605606305,0.16744477249651735
26,1.6200730209322023,0.30189203449740754,-0.629254529168608,0.5930135761775311,0.7711683990052299,0.129007915926741,0.12337109305637917,0.24678494655050853
27,1.1690474712559746,0.21384393135059354,-1.4969140371701264,-2.0992842437359176,0.4944207027267076,-0.2558569658500136,0.5798586134134229,-0.607739422896532
28,1.1574057045762598,1.3201727105693621,-0.4421860272842104,1.7260187198917514,1.5852164831151572,-0.8067616676270017,-0.6652371517792377,0.3740289593110169
29,0.618081728371716,1.5219371682871365,-1.291230667747423,0.4017261112572712,0.26393441846137145,-0.6050523983243141,0.11008821057781559,0.11368487976599528
30,0.2575353033239365,2.1613478664298906,-1.3502782210263935,0.44557880963421437,2.542814863437731,-0.47957622973110126,0.41490490314534667,1.1351518323121899
31,2.2612003365283506,0.7971070256576397,0.5839221299880288,1.6071952073271365,0.8325650128083731,-0.8883339878511429,0.8621861336315235,3.064839871806564
32,0.6353787046229711,-1.39395543687727,1.9738822577190014,-0.5690832008967021,-2.4727170597008152,-0.8043739331627486,-0.8299971864822027,1.0091561192408895
33,0.5401275071707045,0.39307067240075977,-0.22514578291597886,0.1207395250386919,-0.5651252885997198,0.4145744241988467,-0.9179843496067033,1.2429103402106332
34,-0.12814858367321746,0.5608346289318276,-2.4081793004129572,1.9696883773496827,1.1012838638319236,-0.5690026623247755,-0.7086340831787372,-1.0734939839554092
35,0.49967310484247685,1.248346013525366,-1.7716553086665368,0.7406450204474824,1.297117929154916,-0.20728768902797534,0.8227030208132768,-0.07115574384968615
36,2.2743272163969976,0.7145293247766927,0.05449682619956264,-0.04768288466639303,0.07026549905073232,-0.2988654888063724,0.42975947863468367,0.857909157484191
37,0.4932300203887259,-0.10043638225754226,-1.6915644845133655,-0.004844346969736471,1.6341464789090625,-0.9992189886955114,0.9128209964869298,-0.6512465425002657
38,3.7734311856888407,1.7962848096149326,-2.183762846258615,2.5995238210440217,2.6677995797420273,-0.5869958565777083,-0.3797983565003882,3.3444438355631965
39,-0.8775627288396044,2.4820053661939867,0.06440832010315622,0.8498326432090157,0.4318618051137164,0.1936560422972462,-0.53442173129936,0.7160817080709072
40,2.3985036804444593,0.9217343267293647,-0.8813388052895195,0.8710957915822722,3.1143305466477145,0.24268899955334455,-0.9413805033056812,0.5305520402764887
41,1.754977151002339,1.115957464641645,-1.0771743155738474,2.7892798984781075,0.07217635203958306,-0.27377665536796036,-0.5891011217768511,2.152311338732369
42,0.6798735696693968,-0.06390750806568701,-2.0433831238926023,2.449578575623214,-0.6028677329247527,0.03376625464224792,0.569153806837833,-2.179356777744416
43,0.7288724407099304,1.9289278000543786,-1.4260528679859017,3.1544959736960534,1.7294477640926147,0.46907477404060915,0.7334642428054869,1.5088556495539795
44,0.09306124625578649,1.5411986187802564,-1.4561717115111406,2.3133075541299366,1.4826233560313105,0.9884094673486679,-0.3755033821853613,-0.710516138098437
45,2.0026149541829517,1.1062219308619383,-0.8758475975634865,2.601495695766469,2.4070203739983658,-0.41724320429529627,0.639173872988581,1.80947350364025
46,0.8761293190880391,0.9943533331238004,-1.7281634731790865,1.490293701854907,1.2929880923604404,0.4448622840872658,-0.45775480685729586,-0.5606400812928717
47,3.0073354919998065,1.4147002816504477,-2.471556271018472,0.05103176031550216,0.9152033161679702,0.3542253018466126,0.9718693761170683,-0.4002629434441909
48,0.0290847959107281,0.38097029865202037,-0.6635420371743281,-1.82916849236568,0.6039871290111317,0.0859653719831257,0.9167804216982784,-1.92535243409696
49,0.766118453863438,1.0270562489564248,0.1755676040183134,-0.08446508341216774,0.036033704709461656,-0.34906597832916963,-0.5843417204372785,1.5288889661573737
50,0.07891074839262857,0.5720275601512349,1.3152210939104,0.2240727861285848,1.4817415388476856,0.20059742699599403,-0.7774938946062875,1.986159216301346
51,0.013871625858956516,0.24439694683333402,-2.4582047058165237,1.7123714311598135,0.27151680738914263,-0.437073827832571,-0.3060903732222735,-1.5866635378613179
52,1.070384126782582,1.7850387197070314,-0.8486944772001591,2.137383582766623,1.3160877494568712,-0.550410970341727,0.9622284167380333,0.6678854621080571
53,-1.1842044460464098,1.445092659924107,-0.9903031642118572,-0.14352608817567503,0.7087884881879918,-0.9709980174452155,0.26446390181378177,0.7605307216071726
54,1.910426016320598,-0.21321111461550424,-0.936408003899576,1.003200468801354,3.076841619088446,0.8162346784359029,0.9763664381020514,-0.0008655687726381034
55,0.5996678358776799,2.2242303973068918,-1.286876780631234,2.482312820888022,1.247413680396187,0.7739283768931329,0.908672875947971,0.6289528609460159
56,1.316346818033572,-0.4751687813113459,0.1556985376606328,1.342918009086164,-0.9907235406162598,0.6163217484012169,0.8857962826076573,0.24585495239909438
57,-0.14745301893886942,2.364024565732424,-2.419926315575412,2.258076663216111,1.6270378465423152,0.6850614716213634,-0.40326652734627655,0.3731815660456037
58,-0.48386741847394843,0.9256369597928381,-0.2612481641712002,-0.6447066839513553,0.6864564291805824,-0.30212285214025747,0.470808278378938,0.0679230621284918
59,1.3635363811615944,3.115319930326624,-0.8641293569107055,3.377053855973439,4.736555239930728,0.46995677480303777,0.9520809459571073,1.8866966844143098
60,0.7015085524069444,1.3205176353627297,-0.10765260814305999,0.03523620239018843,1.2285261088071748,0.16709096931320988,-0.494467226399101,0.20293809322121992
61,1.9923246138283897,0.9949894031786664,-2.5116499504407024,3.034998337353887,-0.16707067479634818,0.6273945070619893,0.1273076394474364,-0.20642238420965597
62,0.22180539340660788,2.417176594009474,-0.7577478122086182,1.7654554104661215,1.852504002751243,0.560892094083598,-0.47838650799662985,0.553273046614349
63,2.929097271484362,1.7978136059163001,-1.5400924329518644,3.249578126488399,1.7826032906543618,0.9383206656085394,0.12664095310849355,0.5728006256504916
64,1.0813615139694734,0.6609066801944148,-1.2598957469388834,2.8600686113252394,0.07285671126793902,0.9220709546385828,0.06123846512802533,-0.37401275515466814
65,2.6007381921688806,0.38770337492528384,-0.804287386596112,-0.10453184107699953,3.3212283725477487,-0.2723503264351388,0.7947863719473243,2.9610832855798623
66,2.657347574572464,0.8070440349120087,-1.8605431798925194,0.33623314256060866,1.6518295429926388,-0.5091886580217719,-0.8316881113185473,1.0296673777880527
67,0.30559733866615557,0.8480833428580271,-0.05626820716036507,-0.45306021156221,0.07010119514342095,-0.7197403091081951,-0.7528611910361369,0.0067757678709656766
68,1.174151558825315,0.2640850461102917,-0.6788573340701699,-0.33919004892189564,0.6072016003642129,0.20012645534687712,-0.5916269228133655,0.33767335237559093
69,1.3881855683169328,0.7126152962841463,-0.33446789094878304,0.9384135025873476,1.6994344977586868,-0.9787786688466373,0.04719292715754042,2.090834047261879
70,2.0989230252598703,1.4795448246867389,-1.0070605779220658,0.4030898471501887,1.6836575587637008,-0.08910444598079059,-0.905385103599432,1.850113886835396
71,-0.5547857979783444,0.9418926346012692,-1.667860447055578,0.6795457949020134,1.0625207338297198,-0.04641867851131276,-0.9769659132480701,-1.1172900742972312
72,0.3494206203598451,1.5169016492682421,-2.005729163208867,0.22911635520624585,2.454565717744817,0.46065639484847054,0.7275402788941154,-1.356995024783939
73,1.1229718169908796,0.7486163212668661,-1.715342874445756,-0.07409238324863443,0.971117753140763,-0.20696479145361235,-0.8557283954857857,0.4182845776078836
74,0.00684241539426278,0.8767038811123407,0.5747395680453393,2.0426234196176716,1.2841296947780547,-0.9078120618938668,-0.5791772011146636,-1.135257414383826
75,0.6625351175931349,2.0278422574263946,-1.027546612380972,0.3007377483650939,1.882141614830894,-0.48605191666510206,-0.9374635051406222,0.38892255543691334
76,0.06426759161913198,1.070625249475432,-2.7774615347072986,1.0847685552783606,0.26052185040984654,-0.739839691769203,0.8071146699075238,-2.3729675304366378
77,1.1815898690379225,0.8293464032369909,-0.4141681344384257,2.579219342006967,0.6754151425394956,0.3312032343607716,-0.28620124198819696,1.5390258858115295
78,1.0984444650428413,0.4361871371958911,-1.3502941930172134,-0.3156113079241325,-0.09522863807791981,-0.05806509108654567,0.18684649389009134,1.1834703450645505
79,2.0221167257820216,0.5861682422445085,-0.34250960922543083,1.0698367621888785,0.32301158815721,0.14469452473651367,-0.5375220007299772,1.136874027862953
80,1.4847484433626714,-1.3228613434612435,-1.5001945152675695,0.5565828286401391,-1.8702839127976918,-0.19507909661367306,0.36013768554976,-1.6186396284079032
81,2.702523627826819,1.1091516919159536,-0.538462683194782,1.7768160506586261,0.8733805383659334,0.15913996295273258,-0.2896444024683018,2.020873298558491
82,1.6310423440955435,-0.20616407166058925,-1.7059519662083857,1.5331672329930313,1.4484503384812153,-0.27893498534367556,0.8267619792922485,-0.4912133296470739
83,0.687085007862035,0.2813105562724951,-0.2982666102474222,2.2098086418427547,0.9267025312526613,-0.046056910911105975,0.8058372768103841,2.250637145663827
84,0.9744942273309598,-1.8420274670891592,-1.434247285863485,-0.18609482507419395,-0.12690063134673712,0.45136105085344,0.9549948260225929,-2.0123271707896846
85,1.0493537372754709,-1.4478187994991942,-1.2503618824539062,0.5164073278332102,-2.101469472452802,0.10431331804272093,-0.8855913542399507,-2.555210619732791
86,0.8175255304021835,-0.9107198565705873,-1.811114530315309,-2.0729401855655225,-1.7225312723830029,0.5112040371475797,0.09314974946296495,-2.425935806693303
87,0.9969999400425154,-0.7737231749846135,-0.9705345816080884,-0.3058162861671405,0.03463087923768521,0.8314670801585404,0.8650804179024703,0.6531070765036074
88,0.9725434665410367,-1.9840424038847666,-1.6324683408084977,0.07521255098178148,-1.2962052945833693,0.3875341564874659,0.16986373780342956,-3.118290842504356
89,0.8269098309006864,-1.167541892091384,-1.4988446011038419,-1.2813572427877036,-1.2441386541554997,0.1638165204453883,-0.33271378604567703,-0.5395734355458919
90,1.2152048137842453,-2.2049410512152807,-0.659459427283969,-1.3507505872216474,-2.025017599646229,0.3320819692496537,-0.639568466599854,-2.0289413256355147
91,0.9553442169905004,-0.9392221244666172,-0.7339424986132218,-0.48582180639667155,-0.9576224035670429,0.1344656025183475,0.8652352835156862,-1.6571376059332197
92,0.9859926288032698,-1.0107087506068304,-1.1064265327388638,0.40692944337139325,-0.15654634406132206,0.45327312210475923,0.9795494132312996,0.1731974812164907
93,1.1639210940467986,-0.6271925182804248,-0.2645767226679816,-1.4598992891208702,-1.0183971882725054,0.1471147528564527,0.470226024767588,0.734331134887104
94,1.2607037179176435,-2.1468089623813498,-0.6614130450167601,-2.592133345406359,-2.42821303439972,-0.8235783247882942,0.10249421403469516,-2.985820804953497
95,0.8075941784275454,-0.0187364459101369,-1.3969636047884342,0.8230935686114936,2.2004357442701483,-0.26913591437539974,-0.5989354716591702,0.37752159466628543
96,0.9537810741628644,-0.9396541567624985,-1.2047241595484564,-1.0535251636571614,-0.04452139867583993,0.3312397492027128,0.3494874673935644,-1.6164819868282803
97,0.6339965021020859,-0.5735685678941156,-2.1488998580064536,1.7152345017438564,1.8311146826477054,0.1527396012956881,0.656066841823604,0.032547247086656794
98,1.035432448327972,-1.081703553148365,-0.6879440532354724,-1.413755687752395,-1.6373461493295691,0.9449106218282333,0.5295650434287289,-0.7074310728000153
99,1.2432448960143827,-1.8152265461280332,-0.8671794421258332,-0.9180354478050532,-2.528157959733222,-0.7808761554669761,-0.46048808214766246,-2.560927408165892
100,0.6804826116017657,-0.9679226724248314,-2.0180060950530505,0.3862630693350302,-1.6822572150772723,-0.1164462219417477,-0.36838161174780537,-1.8074272854106843
101,1.1567799553035412,-0.03129906595808607,-0.22757137133392003,0.5707822145116298,0.7398825730781055,0.6470132035933949,0.8464687530691524,-0.5820169136797863
102,1.5887994046216392,-2.043263258608312,0.5485635606493471,-0.3831087169453945,-0.6059234526362248,-0.29095189660597054,-0.9635417007594258,1.0664609070489928
103,1.1506463551184445,-1.5382015775679356,-0.7219075377679469,1.9033530968818788,-3.2137191936682896,0.5170697394100952,-0.9235981262792932,-2.2558824912443205
104,0.4245441823333802,-0.5035375012583309,-2.8458022510312855,-0.7354389574455309,-1.602907768405922,-0.6529401877707377,-0.7655225701251542,-1.6467970117820694
105,0.5518084560607512,-0.11099299316422084,-2.3946468205016243,-0.03318134067378298,0.2721615117028321,-0.9102031828758874,0.43247844137969027,-0.8293520729325717
106,1.1404841883929744,-0.052735077703827904,-0.45450141485749473,-0.8638142511929852,-0.3547882674583681,-0.3377477022267916,-0.6241751287379456,-0.2786370216925554
107,1.346628019110319,-1.8161655402439247,-0.1677095310393789,0.19534092981538553,-1.5173873740502253,0.17093172178056792,-0.969149548413222,0.6245576214310414
108,1.0586921507358884,-0.9740168102992423,-1.1565155779726268,-0.7316427899860174,-0.6570500663312473,0.4740478918799249,0.47593932345963474,-0.8580876606577568
109,0.04724102609270564,0.2284263168149725,-3.537682609301449,-1.1977139850475709,-0.4156743538500107,-0.023072046265142587,-0.6077984934439233,-3.2103832184702403
110,1.4977765788301904,-1.9903405836789578,0.4081263126603949,-2.476806870258862,-2.4423321047259607,-0.24316789810263129,-0.7397167409960212,-1.2561954241434978
111,0.7708143293439846,-0.35294801555517175,-1.5846629365138805,0.6968638069902089,1.4018495392230768,-0.8040355224672593,-0.2760281428148137,-2.949705940033657
112,0.9069466829175161,1.0503517180925566,-0.5433137016444742,1.6557451074609943,-1.492834866472543,-0.6926793930984494,0.7057610972597714,0.3266737398888607
113,1.1772754182739458,-2.3581147189513607,-0.9871770899988913,-1.6120233957677144,-3.3621607296238656,0.8136519105908473,-0.03669996367142647,-2.1789523018493657
114,1.4469959056533703,-2.3052279760625702,-0.1709699341647659,-1.3761907322619316,-1.7859087032780572,0.8957970627485252,-0.3953969413371765,-1.0563017147796556
115,0.983480272706513,-0.9252125290584722,-0.9900179678592215,-0.38935623950133114,-0.22718133303501414,0.05559033464632157,0.06688447431123468,-0.6291149846781532
116,0.7474416729335207,-1.7611537793047316,-2.1088385417524096,-1.3964853715357726,-1.493139655590974,-0.8660099418297842,-0.2953294872435037,-2.269036559654987
117,1.0589294210586884,-2.8652023632753894,-1.7838015731788848,-2.183977447683086,-2.6150998959169502,0.4688341280836281,-0.3086692829726152,-1.4755408839099367
118,1.0713467350952925,-0.6124229824812533,-0.6321077386947853,0.8414287883569156,-0.6027830932102577,0.46710899542683193,-0.26250665513746707,-1.123208232374247
119,0.9117320137948333,-0.353889919836764,-1.3467094604438623,-0.323835299368179,1.882438018924936,-0.545048693454875,-0.04843714232853924,0.04424455021073215
120,1.079841268268018,-1.5816179667825128,-0.988551869025593,0.45304577740967944,-1.6697611303552344,0.6025693054860739,-0.8595818549289171,-0.41599966842067637
121,1.2483334136221838,-1.5418369200733095,-0.5440691803236818,-0.3233919571410599,-1.2706362528883037,-0.9037359926587409,-0.915175247347886,-0.13731715212839446
122,0.7629710967893865,-0.8903576937148776,-1.5746630010112104,-0.10995276093311782,-0.9519295421447549,0.49403810708751084,-0.7648041016314719,-0.9597579195682343
123,0.8030253045355676,0.19410719119882747,-1.2726812926420394,-1.7442227200051372,0.1347189743809401,0.3830299963936339,0.9565518012793397,-1.2602360293928059
124,0.26303852019876106,0.14845480160238167,-3.066972704495,0.624184019470269,-1.6802120698888057,-0.39727820916563394,0.628262642996309,-2.7990958382613007
125,0.8860865616970168,-2.037369532481911,-1.7054488610886782,0.6120519321003735,-0.8242258211617333,-0.05874763483988388,0.004190374660781204,-2.774465877761942
126,1.2613461058597684,-0.6648953777856226,0.2731327959880947,0.5535536186443802,-0.3829297839995013,-0.218712526073767,0.6980081182562046,2.6747321512904123
127,1.0793089763804509,-1.7161240496754187,-0.952747817744932,0.6337394462422559,-2.2610787312035328,-0.4033575337564055,0.8784075255587709,-2.0502266947114975
128,1.003133366613628,-1.448193117840455,-1.4852221062345565,-2.004039053273167,-1.0693024120662737,0.8410006963762693,-0.8501814127464145,-1.7372599624775467
129,0.7060727711620014,0.8196099191325512,-1.1734572178870004,0.12025753128780203,-0.9202032742538979,-0.8529994172504107,-0.08193019985398475,1.1982951565698765
130,1.0381885779992186,-0.20115703454529232,-0.5139251633402339,-0.15900287885921388,0.9877372120813118,0.5973551782973447,0.48700761713255103,-0.824636681477282
131,0.7677057773399706,0.2576844001512246,-1.2327655756643812,2.63711984895433,0.49899805813910647,0.23399513216280687,-0.9471524776451063,-0.32983707730153505
132,1.356471770440356,-0.809542013346261,0.29380172502461144,1.4664307893819748,-0.6642109515674295,0.4626911663364828,-0.9397721291768621,1.202691776214408
133,0.7857060453972106,-2.1793250222652576,-2.431612147652349,-1.1546749081109011,0.0761897344180249,-0.09400831621424866,0.7623823305087873,-3.927132822405527
134,0.8654910099824711,-0.8604513205847213,-1.026741423288747,-1.3959217990700894,0.4928588668730718,-0.5027985556006414,0.2805037465698432,-1.1125123164121535
135,0.9828887147626651,-2.2456459385477374,-1.696846930259357,-0.7074042933591655,-0.41555742297729314,0.9700926550229272,-0.30872393139724297,-1.371129757221927
136,1.3993066309273994,-1.2829373619235633,0.2887760403165993,-0.733785066826123,-1.7494878608760205,0.1671988328423073,0.8183892103654096,1.2538202778552874
137,0.6662294786450893,-1.4246768400369585,-2.423614974347093,-0.2275388456605869,-0.7137514887754219,-0.3321812125837287,-0.9069643366012288,-2.4238720582836524
138,1.163748906182406,-1.3080683789245575,-0.6939751049796308,0.37240946260796065,-2.480122276893622,-0.7562485873044251,0.5964551241452707,-0.632420608945182
139,0.6883236817528355,0.08280553357923193,-1.475017050667063,2.101340422315694,-1.3042808547496905,0.017417888228413947,-0.5003933229211697,-0.6783346192668148
140,1.185147698905832,-1.478957469172205,-0.5650155204249512,-1.573154362523873,0.03073725659305082,0.7982078460699702,0.5525203934656915,-1.3811342010922876
141,0.9534866962996607,-1.7153070073430365,-1.607431174536997,-0.7172917811962911,-1.3429289616936777,-0.3866989832317804,-0.8455772843234086,-2.7604286419026103
142,0.6750748964150374,0.5694654633555771,-1.5101483824221265,0.7783625231735083,0.49927762195851827,0.302562470925678,-0.02588707187927697,0.4061289316252349
143,0.8284512829303191,0.46424805847560124,-0.979598824032536,0.8943410310670665,1.6392670929548627,0.22981459972493146,-0.6191295770140295,-0.7896223781278968
144,1.340467887456024,-1.35026898731732,0.16888258903662168,-1.9654791343852707,1.0804517677158423,-0.05139119659018898,0.7943664956213787,-1.1627163691942322
145,1.2298217557629785,0.29512822013314777,0.4282996806517667,-0.21089763027683628,0.500386223019999,-0.035748692212473454,-0.7338342549300858,0.1932219465279541
146,0.9310390334075879,-1.4276874935562964,-1.7629073951877048,1.2250541277458868,-2.075613853571177,-0.8325668908728672,0.9275774625089257,-2.384890357796033
147,0.8191739952948314,-0.4941048376831009,-1.418027350635573,-0.11535777811653258,-0.6771704390790363,-0.24884786127136826,-0.8139971909069015,-1.6992491432058507
148,1.4470271517873847,-1.2102231289356138,0.36467036680818987,0.5588295414279076,-1.6784298463353728,0.7222101120507869,-0.587115180769328,0.20005631651315778
149,0.7002521333791806,-2.0557337558757913,-2.67511119198646,-0.14537878510241964,-2.0106694900100543,0.8238134542135402,0.28896261520595234,-3.4916555713477186
150,0.9779732644650565,-0.9174976562556098,-0.9634259325392939,1.7754508703208216,-1.7721559813028938,0.639681157540205,0.2926151066248195,0.26845920671265855
151,1.0585474289944596,-0.8233138382818856,-0.5749178081051907,1.0345475117855165,-2.1266420974109654,-0.35345721854979706,0.7338110949115568,-2.277698742206829
152,1.146882371927537,-1.902026328940347,-0.5488483965962931,-1.727518227408857,-0.0003182534030994333,0.29683912367612075,-0.7736404438076512,-1.3473235582867849
153,1.2510194013682632,-1.8572080373605355,-0.6221741381894794,-0.993214568201339,-1.7352272939995284,-0.8038925457567601,0.5502252184878174,-2.6816259897182793
154,1.1548665016116115,-1.5805242714696144,-0.628174068624403,-0.09519008530216833,-1.15171820303002,0.7395611134024032,-0.871675983331335,-0.6231813037522905
155,1.0741306359526832,-1.3197125309060342,-0.7825034776655715,1.6360268140776606,-1.0151063032810685,-0.0002010053767320663,0.851552474593877,-1.0784592733313279
156,1.7302054616546714,-1.5856486213360412,1.4042047182461035,-0.9368227485386581,-1.6743560081511797,-0.37875213072285585,-0.33102517376605256,1.5382254064472785
157,1.63704633213998,-0.759176650200946,1.254108931068123,0.39894273005011416,0.30777162971967836,0.6498836800972039,-0.5535647057865698,0.8338571581551926
158,0.4671941977018995,0.8038725464148264,-2.173647579626864,-0.17560568330426807,-0.47980924734085095,0.12658536018194666,-0.7798961543793783,-0.38731974768079247
159,0.8362329322598656,0.30403275118094353,-0.9255434550303544,0.37128886979409925,0.5149997781254919,-0.43960068593210067,0.9190509589767923,-0.19604242220684115
160,1.1460704724590502,-0.6036012315347588,-0.07768213318663553,-1.0271676271540813,-1.269367095298254,0.3646067251101255,-0.3336795487738402,-0.32361998435762657
161,1.302374028424037,-1.777776192102891,-0.4179982425516031,0.07107114564512795,-0.808996307501024,0.9275874156389416,0.833968861454998,0.0677869435031857
162,1.5717758070106838,-1.2789810258129273,0.8594777430433922,-0.7568042911807613,-0.2596231240099007,0.5909676184125381,0.8614118139837565,0.9563435398373125
163,0.8691090668899977,0.31335378475724784,-0.9701018751168722,0.7198438103711036,1.0572318697901844,0.9609011301082235,-0.11650927203401551,-0.010403475867175369
164,1.7754702221222853,-1.3272919880066385,1.0336047626211249,-0.22643621455294424,0.10552940171094882,-0.056078552074054766,-0.6714503563705183,0.8764621073609886
165,0.7982381239083816,-1.6802017268460272,-1.8589563461628504,-0.9014932416578538,-1.2711811584848296,0.6798199777071854,-0.7727632044595045,-2.690416458972839
166,1.2221729991611177,-2.236277588261453,-0.946819264292315,-2.474270088652844,-1.8118201406404322,-0.07425261922257897,-0.9901493094001637,-0.6296199066783374
167,0.8242326347052881,-0.3976860846859471,-1.2358961922929532,-0.2072725772720285,1.3436994806596734,0.3381556441720377,0.8898290307701062,-0.22434251945080652
168,2.0466886946953995,2.464409714017493,1.4771285303896162,1.7800246649325255,1.9379817617779467,0.22994119631386245,0.11764940526417522,5.650443066654831
169,2.1306832866214824,1.512533584169622,0.8229729398914984,0.24683397114102235,1.7827140633792626,-0.09149495736717328,-0.6270310718702292,3.4849958335659323
170,-0.08595389436921219,0.11171550572499267,1.2673062670271105,-0.7995287202005898,-0.10283287176667605,0.03543048197742249,-0.00041254293767001293,-0.024709454643821127
171,0.7947601088501552,0.261601096975542,1.638607536790197,-0.8597106923709006,1.2570768010965248,0.005575124227119144,0.6395363947660644,1.8198472614602597
172,-0.571675087487115,0.7157371587098422,0.3771805070419174,-0.32164725883817546,-0.9992891089852666,-0.41027761104848914,-0.8712196331967796,1.0513326371135019
173,2.467711269207012,2.3500302380997486,0.6257871485598514,2.2457847963645405,3.158483756313874,0.4048077749604706,0.17127381328739077,3.161192351594453
174,1.5402342694947837,0.06593537500657143,0.8704172030791588,1.46336503533046,-1.0022438747554434,0.14910010190701128,0.09376034285740875,1.7929265910028023
175,-2.0740678498267866,-0.07368491971699354,-0.043083355955093605,0.1122486313224188,-0.2777916694792232,0.9327076626572066,0.5067834387350896,-2.045459717071346
176,-0.6726034735420447,0.5765479884374474,0.2907885701819539,-1.5130940486239761,-0.38012905258139046,-0.6760028997553686,0.5099672271521205,-1.2978668464939265
177,1.4992346553974532,0.5327336040125223,1.879751251814268,0.8618503747561002,0.15818462811567646,0.2002854169782824,-0.041970977942617615,3.8460348651482734
178,0.2931660368636899,1.1059750297504014,0.8999937666616058,-0.3451579166637253,1.7036938033669966,-0.5722092267403216,0.7847616798999315,1.7743927378593058
179,0.9255361596532348,0.009891459842154449,1.7361864420381223,-0.3483708994980668,0.3329982312120191,0.6477196913891412,0.16618166512153132,3.3819064351113743
180,-1.2930941141601737,-1.08553099555412,1.1966566834897443,-0.9198293355886555,-1.522916769177975,0.9692355559263379,-0.12067162501270179,-0.5806411498764221
181,-2.306552959154033,-0.650814704583002,1.2752095555459615,-1.9244053420339753,-1.5678351031954676,0.004002970197483302,-0.6498457799008388,-1.0520372934029958
182,2.673653878383054,1.5250050640155517,1.0237442113531978,2.196511762411604,1.7365651615908257,0.05756781860287763,-0.5126010870356059,4.063828856555414
183,0.7699024901759863,0.44237335119769605,1.0720982490759638,0.4279902327293328,1.4126257079540028,-0.48936126068888797,-0.20469706046684055,2.192479473234959
184,0.9324102463547919,-0.5873827139494712,1.052711554050974,-0.9414268162539896,-2.220103925315879,-0.6756197022408315,0.44302008970455287,0.8711769316961719
185,3.213757505667349,1.869214443848246,1.5224008514193617,2.605037666906822,5.411134656737599,0.8142889726500404,0.43901001055644584,6.198759285979573
186,1.5314904403202974,0.385550081618231,1.0668967861718675,1.228681251028427,0.44405285360922836,0.7456410213722993,0.016456956917059617,2.2887156261554646
187,0.5848777854779789,2.332013476126947,1.762065443657809,1.5132066526507706,1.285845890763009,-0.07072368102494475,-0.7645278035968059,5.179408386768402
188,-0.13316494983228644,0.21339972037168864,0.8048098819871341,-0.31365620816371237,0.5815018230314082,-0.720264878816359,-0.354180430453358,-0.7988866135590206
189,1.8814378570119326,0.6097774044955735,1.068838045381015,0.26134325800153946,4.516225674158267,0.18503658561886516,0.6935909556990119,1.9263967478220354
190,1.0831315286936753,-1.334179005777448,3.5233430833718407,-1.7425849171799919,-1.2992513836351118,-0.16565601983703826,-0.34876566898537575,1.9067179340705684
191,1.0055897859638785,2.242424826373398,1.2619122042950417,1.5131221626734215,3.682581177858793,-0.8025169420448359,0.8703162441977628,2.9021421094470217
192,0.6026358338292401,1.5975733985295504,0.9802335912070215,0.7864654120489452,2.707589965980994,0.5206625034070502,0.7439650921430092,2.6564769499750804
193,1.49789177463513,0.9748785193817738,0.8731603204048621,-0.18624949017239079,1.9459169788604982,-0.1612383902514516,-0.7961067803709105,3.4890333133823983
194,2.181881713659294,1.7588649223674697,-0.1031745486405975,4.157774036055901,1.6284431647659763,0.7845825356175309,0.9710587513410638,4.378400054474675
195,2.144799034391456,1.6137401159124978,-0.24710358005038402,2.7214291325174322,3.564311192554482,0.11885360416123447,-0.5660767411211174,3.6171770683341906
196,-0.3418020246431983,1.3475520436233956,1.4027433330100207,0.14536160637131534,-0.41168100136514796,0.8272527980573527,-0.3972161255954787,2.4812141470555957
197,-0.06492147122772507,-0.13355173230766582,0.5376627709836245,-0.16487161001748515,0.056328222742195316,0.5812039693438791,-0.17864166577142226,-0.7670762557518981
198,0.21392685528803512,0.7717736870949505,1.0093954743473175,0.4574643780476141,0.3582483834609656,0.12533584851356516,0.46224341003213154,1.719885341106533
199,1.4892186331545245,0.9645397508632354,1.1443446460885789,-0.8662487564056733,-0.5272182773564218,0.741780862197069,0.5850671265291256,4.159412890141557
200,2.279120495898337,0.8241822196664732,0.7356401427020649,2.3283486486764566,1.2606358900325199,0.4566354118039262,0.6393476108686122,4.1974577357230265
201,1.8989419424144518,0.8940229984920668,2.170447453535636,1.1402853635315051,1.594954670159593,0.10099242181615398,0.7103448619841739,5.634403078495684
202,1.0380195201034599,0.5604771878349055,1.0896998557159583,-0.7115705651227011,2.066346936428861,-0.16420100494293788,-0.060627850124154836,2.480932342992055
203,1.8488535536682762,2.175746675601115,0.7121430484319109,1.748037992783277,3.5359011051380147,0.23331818964211548,0.3725371383771747,4.849756325932353
204,2.675816809683395,1.4013972411671196,2.739809006140683,1.699896026732917,3.508525267381173,0.8406838882343319,-0.9302874427340986,5.17400386559483
205,0.9419203384521544,0.7875931883953657,0.9928130930932135,-0.31868284493409316,0.0019015384915186395,-0.4715961689007029,-0.06459490666827161,2.8549308285911654
206,1.0003602153978335,0.4835323446386486,1.6008014008118465,0.28687403292670327,-1.3982297167649531,-0.699604534385976,-0.9620689976815808,1.2579855373564963
207,0.11463084495766596,0.7941895797451931,0.27912135221530265,2.1246169757541886,0.34301481263107014,0.7956750680098597,0.48250008887647655,2.5804693938725354
208,1.7559057714396222,2.3189312924435406,2.279207826032118,1.9144654389881752,0.41433935211930706,-0.5970263906395441,-0.9008013810909219,3.9932068807497147
209,2.5101457516067023,3.0408471517235682,1.8000344350083817,1.1046927398583222,3.145862952500953,0.03964543878772453,-0.2013723991510461,5.074726306383193
210,2.3612164471059813,0.1313541487649056,2.1506819726333104,-0.12631099060890483,1.3827701035776565,-0.5059456673051852,0.7336011259987614,3.744338555760404
211,2.264771942895208,-0.11936175211225342,1.851771112703989,1.5852543909449393,-0.24363811894649923,-0.7214997911764081,0.9395467740211068,2.891741369647686
212,3.3426849669010923,0.09618076676931786,1.7747948103379168,0.26013479157330766,1.709632010226705,0.8101664633822145,0.10886472430051164,3.1614860708450045
213,0.4570655624710398,-0.6293133068761914,-0.18761415634977396,0.09330073666968497,-0.5408799305793308,-0.09094489841032649,-0.7176677429659246,1.776268463288511
214,0.684476942624789,0.5927298499183827,2.7968122760512926,0.7334162296968344,0.4486238953687977,-0.26776701426800686,0.0017352701178756647,2.7672393259773083
215,-0.019475494546903782,1.5144745774302113,0.20443270417058323,1.6995615059911007,-0.27281857460059133,-0.5786171106831264,0.7097914120849773,3.929790690762753
216,1.584408302356891,1.262810018103298,0.9634700948741146,1.4629008419962652,2.302313754223997,0.956481943351986,-0.4617383655017677,3.0326837118621803
217,1.5336006583577821,0.7304754055379268,1.7036640388542743,1.8964315014315667,0.7728372372109016,0.9868150578809789,0.5971346836835476,4.856497901250831
218,-2.1634696813964025,1.2875123437813616,0.32399819716677714,0.28371260040288165,-0.42218032034521646,-0.7253081548932814,-0.4895830422238434,-0.24113524944760484
219,-1.618733087662179,1.5250911168303705,0.3282470174022176,-0.176254919266701,0.6521390201410906,0.68866427865381,0.9396199127648035,-0.8184561380426132
220,-0.28827706759912264,1.1872047899986653,0.6613611004536788,0.9802513346637307,0.11815371116219786,0.9188311392041248,0.23444958932139004,1.6857132224928248
221,0.7669368241312252,0.7072639839198458,1.049893972460476,-0.9944875273742357,0.8351889348006306,-0.016292464395025075,-0.2714028951985892,4.324065388152757
222,-0.939471223127899,-1.042587051055238,1.2162718052373034,-1.9382925218024907,-0.20648834160386786,-0.7929192442834336,0.5741976719985553,0.35322917439624935
223,0.22410328122801482,1.850604647233696,0.9425122116688661,0.18986898894121085,1.2126059362598025,0.16222549797229902,-0.6080523624411787,4.0559357993643905
224,0.9228924979800756,1.212203657889356,0.30832359177976076,2.2919805874892605,0.6928917372762736,-0.47914107235719894,-0.9365972889389902,1.4365879671939457
225,2.963698201483885,1.7635590680384414,1.2607139673973797,1.1968268776722941,3.183025449061648,-0.5099743764912477,-0.947115104940023,7.383700688662309
226,2.5487227921268367,0.6789169509510045,0.9815814141849171,-0.1375175111833613,1.5084376475851613,-0.24788566845540583,0.1096587189060767,4.793907069377879
227,1.2746940888122604,0.4865186097476778,0.66458065263479,1.8089232923741396,0.20412041392616442,-0.2737652151929415,-0.16010482137835336,2.7709938247807697
228,-0.30358759309110717,1.4081427709246654,0.38005173830673966,1.295019026216434,1.1247769753173311,-0.11944514276929175,0.4149853479969672,2.131199381408959
229,1.8992537457994958,1.391562273020435,0.737271452880977,1.8900418958169631,1.5516136120259258,-0.9677732489776054,0.3701161095276384,2.2233032967439916
230,1.9374001413901758,1.7146036325454839,0.6412273185346813,1.2964893068285535,1.1959345154929257,0.12447917118919927,0.0540820410994205,3.620932488766201
231,0.427469796964396,0.4397625472387211,-0.029847255209572987,1.2791240265451,0.20163922330099038,0.14592266807540621,0.15190065152803345,0.988620847147075
232,-0.5424378926310416,0.275758987198345,0.8754748064858735,0.4208415400780534,-0.042199621831854064,-0.6492189307202392,-0.2294143178595236,-0.07349633494660168
233,1.3282281340962916,1.7566558774465482,1.113797053983776,2.6221239867832384,2.9512728970313717,-0.8029267868912495,-0.9813343424696246,3.770749120833811
234,2.4042014186097047,0.17518850179941237,1.201131315766269,1.987772765423745,-0.4455044934412822,-0.5535641585289228,-0.8671488127910585,3.9965191808156626
235,2.0634109341562867,2.579985301284998,1.4374374379916133,4.1661309342085495,3.799225252246674,0.20079976721630288,-0.9824127312551492,6.247602289097867
236,-0.0854281325689108,-0.07198675770285679,1.8266231257559586,0.2819262722524679,0.428758754080183,0.2802281979887369,-0.3721732413379297,1.1889081368093422
237,1.6516419286320179,2.2081022328161035,0.41944706946095023,-0.0997791054022441,2.909175824108194,-0.0511339277865388,0.8740486200739037,4.693111068704754
238,2.4755613885331336,1.1921461742455897,1.9054740128849543,2.583375719685158,2.9705081979061134,0.12409207739600836,-0.9434099733380219,5.524971870435065
239,2.4333562355315754,1.7678031775432714,0.16952864099266562,2.926235175232784,2.1893196441299256,0.43960854769927393,0.92015392245106,3.8516269644034864
240,0.13677665839911268,-0.26283814764810653,2.1041778000600466,2.062344103652534,-0.037245979102161125,-0.08407732043578164,0.2424708421968027,1.5699479178203384
241,2.5517127359113316,0.6742772690217474,1.8835111031203264,0.29465346727349195,1.1619307674838244,0.37701299045079395,-0.07517632845951994,5.792244123324482
242,0.5535846075794362,1.7524395989560593,-0.2345063022474485,1.8481214695483366,1.97163817269406,0.6864866088995498,0.24785861199776416,2.6731800239650294
243,-0.36373602947415207,1.3632671367316185,1.6531959887321168,1.1405290502895589,-0.21241782451022018,0.8945821352544392,0.8263629199336169,2.1790649303677303
244,0.6777021679855788,0.9137133611412931,1.1058130803108186,-0.5057691294781379,1.4801567371147637,0.7630568959046355,0.17385798169066047,1.469624915066594
245,2.5382912935981743,1.6573530014520508,2.1020808786616203,2.4597206332622186,1.8210321092220096,0.9485997194691016,0.9671616692273655,5.5775963877666195
246,-1.147128742426605,0.5178752971969856,1.3676578593525082,-0.6737379008787228,0.6769119793309075,0.2983152816050807,-0.41919797072152876,-0.3775057540231439
247,1.0046436290013039,1.1884952383595333,0.7816647319641237,-0.5564022257569172,-0.389417449111209,-0.9336514457206251,0.16197980302786608,3.441863841673272
248,0.8880935437692002,0.9575949137772861,1.0526832840851224,0.5040131746841177,0.3310800526569684,-0.029020908360229525,0.400234860510984,2.3764318476862116
249,0.49484228018116294,2.072829972475798,1.2166761456353772,2.2171094711221353,1.44353189336146,0.36097912277792243,-0.9826190685103773,2.944781827179171
250,2.9684339897001424,2.0424767128390933,1.1206637392271896,3.4161959465937577,1.228991271720256,-0.6638789235126672,0.70723207900937,5.2845464889011655
251,-1.5389933183408209,1.9554764140786107,0.8501550660576151,0.5807498397009299,0.9753868108107183,0.5034332531169525,-0.7226314446619202,-0.7695806704182857
252,-1.6618467583704528,0.9270827402466387,1.1464492315159094,-1.0929806074121042,1.499927758928255,-0.19631122873321294,-0.3497681191388271,0.39166297894879964
253,-1.7124248642046922,1.8429599380248782,0.9880776207149824,1.0753156680820062,1.4231687916473943,0.01964899215247118,0.02811467694293368,-0.01586463284980244
254,-0.2945273155134177,-0.2928959895471317,1.1078564266704873,-2.2387059971540473,-0.1725097014580103,-0.5147516346878169,0.4760874393587844,0.8798922207391247
255,-1.144526062979879,3.7400908360682146,-0.0844736181503567,2.691206843887211,3.7430753529602168,0.5220628796792457,0.5203159614695505,1.5231207408681544
256,-1.2716837384841613,1.0599733594973335,0.9399139763506205,1.173327892646839,-0.056508155610634825,-0.3455385457183229,-0.04198231685556775,-0.4030078782245554
257,-3.047832539361517,3.6129028141386064,0.650127274998404,0.5648702718690415,1.6155576958205846,0.4355214237356999,0.4014760289368715,0.3726924615259214
258,-0.545841434845669,1.311398006438885,0.6339732579569581,1.7597871686376623,0.3786361798443737,0.9037244701339284,0.9642634952297227,1.3542806193883588
259,-1.1449453131479328,1.457584658936491,0.9964631919558228,1.2587309118658259,1.2932269789351714,0.7401285946895151,-0.3259626137411722,-0.2339704798811395
260,-2.7130773556151144,1.7228726737082665,1.231725353740941,0.11548093670914389,0.8150265661786545,-0.18762273842793187,0.00618048841982044,0.5108065909362933
261,-3.11643253310048,2.1180317184960504,1.4011659595238746,1.353631356167821,1.3112865285930795,-0.774067068677808,-0.1053795595034559,-0.3367602772541718
262,-0.7397817675802631,-0.49707873434647976,1.4784117857956653,-1.4174293024828328,-0.974138908371102,-0.42380329014748264,-0.4119259572153513,2.0746985783979586
263,-1.70681850667662,1.2118241798455225,1.2512025368445838,0.8158415999573272,1.560359748856135,-0.16271388647775908,-0.6697510696281685,-1.3521424957194097
264,-2.2821459960655055,0.09354225166369368,1.619261714949269,-0.6799991959392208,1.0823954264478957,0.3040485211928232,-0.9494320473813327,1.6430720464269506
265,-0.5619632282403262,1.0540540361672315,0.8112787390668873,1.5141863599165863,1.3660625365214516,-0.8442331407283237,0.3336464853254679,1.7450664422084348
266,-1.583031594375254,2.7262286402193583,0.5338952337789624,1.8212560020119035,1.906173837114762,-0.5496574212976633,0.4734044598465328,1.5311627799726057
267,-2.0999812477304163,3.057972193329512,0.6477998509201541,1.4576635045769528,3.3216760269977126,-0.23774262639921329,-0.5025392857008943,2.687866055248639
268,-0.7378805714547715,0.25785677726047607,1.3183450106635022,-0.6772308281607216,0.5420178882635667,0.17606579595961525,-0.5020771537258881,0.7896377959250139
269,-1.2881855234211428,2.700244427788059,0.432666334294598,1.8062701550628695,3.5341521126143425,-0.1799109914276611,-0.5549340537627112,0.6164800245542863
270,-0.5701130936857974,0.2577940496826878,1.1216830429718008,0.08719272824879609,-0.048700100128425516,-0.2156439821148588,0.2322034827482602,0.26388846292266105
271,-0.41697924714213785,-1.8890912841613448,1.9123584944554128,-2.6567245561223087,-3.1723524839204376,-0.42468750453736526,0.49545122145082465,0.24350080638496724
272,-1.067123512352749,0.7830202864876454,1.2121636134247213,-0.3833572604321354,0.44931538519380987,0.17928203813075827,-0.8387382942876205,0.9320504638704495
273,-0.1677055346202856,-0.5834923594154242,1.1799912048414658,0.6212711453738771,-2.052637660664661,-0.28399973121514166,0.6070977248561027,-0.7160525443609536
274,0.9176243975204792,0.5454801839162645,0.46039975637192554,0.4016691118891218,0.53349992846558,-0.5459304851940163,-0.4090220809067553,1.600489912182055
275,-1.3405881389309644,2.1229500873782285,0.6815018498532488,2.1240300575750832,1.7500192336439913,-0.6269181013345613,-0.684774903043875,2.222523104199282
276,-0.07641412805753534,-0.4515978656032613,1.1604707481929335,-0.3080359374099623,-0.5597388442055022,-0.03415373961625612,0.1984677226197018,1.4510387503792193
277,0.5255874031919245,-1.0274464793355342,1.4502644040275627,-1.20467067132577,-1.133211197304693,0.3174202128558674,-0.5777306382047698,3.292706513853529
278,-0.21754610923765816,1.3854320482006321,0.584923747659376,2.009494702054557,0.46315621558243436,-0.8785335750807175,-0.44157981136277313,0.5978665779871327
279,0.16703711077104888,-2.110901849965195,1.897586320350578,-2.3814194521900642,-2.093409575779261,0.2064343040073926,-0.07638110781661633,1.272364337050309
280,-0.4776136420186001,1.8658891007386798,0.46251337136788717,0.12040455867800326,0.9680939815848993,-0.2746295547086435,0.6413091880395374,2.719244909166222
281,-1.5028043382035463,1.8266956205393718,0.7631477547691325,0.859828919090349,2.1713553002670904,0.6930873095310162,-0.2314269893249674,1.338563874453323
282,-0.08139309071676926,0.8822022141037145,0.6052869678573245,-0.241236237086214,-0.009902069335944508,-0.734494179483385,0.4152201933417301,1.2930063638513407
283,-3.7946541148509993,2.603013349052811,1.3863774460824563,1.096304138645671,-0.12613496526826595,-0.6977992894491982,-0.21011653427526422,-1.0306191434146124
284,-1.8061708804640246,2.71146842507243,0.7270410274640885,0.7453370259635299,1.0511232066731013,-0.042424781048233884,0.34159830502155275,3.2978878282590585
285,0.214390795534952,-0.2546754011340342,1.0442491455045084,0.4706798272309616,0.9735629619984912,-0.5816433733689559,-0.2906889931992569,0.2915996263316102
286,1.120140609068876,0.6289800488774252,0.3032723118900652,0.996124115867655,2.3543382911539874,-0.7322995261280258,-0.9364534011194352,1.1044682931585013
287,-1.750995367203295,2.5378041944588023,0.7532651507830399,0.20078031136312025,1.6902878658595313,0.0515642777510561,-0.5885910766290836,0.5195235928131855
288,-0.36547907967875415,0.9244633916835987,0.8910886764098451,0.6526064610467777,-0.04334854069079086,-0.4854012061541584,-0.9356162946881921,2.0350802327779673
289,-2.4837232520605474,1.1296350564152111,1.4107742924759847,0.17619436150969275,-0.416630522886243,-0.7552933073919381,-0.040897637572780976,-1.460544072658564
290,-0.013659356413335932,2.099799013591502,0.4614868095167266,1.1313551238967812,2.5638861771510135,0.13451163854545967,0.7631139593525302,1.9456369653478067
291,-0.09376696720116728,1.2994350257430796,0.6345474309827415,0.3795763605762912,3.106516924613107,0.9798474996534854,-0.5457697871929323,1.2606177205172826
292,-0.4148731832404742,0.6237029134106188,1.0967527439987894,0.5296892467129852,2.593684243268866,-0.9280721643558854,0.44979069555285167,2.0153251284843527
293,-1.9965849296299718,1.7254935729937064,1.1342245218301596,1.5160816724623323,1.0141071340373526,0.9354315652021832,-0.04608825739203026,1.411531576710819
294,-0.32705929557307256,0.3759088225206403,0.937565674690093,0.3341301432913677,0.05575608721822245,-0.4511361162952585,0.7841712601716113,-1.6035541087141436
295,-1.7157725874273555,0.9351753052737988,1.2341838426914018,0.2747667993543443,0.44265808037855253,0.6761609142532441,-0.4712486385604582,1.9167256669833102
296,-0.15858956219166842,1.2767277090108144,0.573239943348989,1.3969357590729676,1.1108225583959777,0.7232627308334516,0.3597204505146303,0.6047213904462226
297,-1.6678814113412972,-1.2367699768985636,1.8991984076748578,-1.1467811811427167,-2.129265035799991,0.24595572811694022,0.932748566237221,-0.43722811209532964
298,-2.3914536771740424,1.4645801792867505,1.329599778929349,-0.1366265759508518,1.0773233035631056,0.13970345073743617,0.35614153621638,0.3671231357948687
299,-1.3891383799147452,4.906697669079985,-0.36461756288330105,3.108162836834593,3.365691672510078,0.2612160634520735,0.24980574587631832,2.057366585459943
300,-1.0037540631901845,0.12746984693150787,1.1976796794999551,0.3780824903553074,0.5631315818755166,0.8427501408880222,0.8499355105644553,1.4375465437610782
301,-0.19586622292851463,-0.4033996327576572,1.2085041183797782,-0.30814405853326865,-3.7388886670346366,0.7716294950889886,0.267669913672681,1.5347229323767344
302,-0.7919870288986457,2.539668608837795,0.38026771198813514,1.7493509014430169,0.30690298487137824,-0.4464768206331884,-0.29263394796447684,1.24749125387153
303,-1.2048126039526221,0.378592946843059,1.2260224674173161,0.10522490935114126,-0.6044757143683588,-0.8987914736653533,0.3245683260829555,-0.06095192154723572
304,0.5849451487732134,-1.0809409041815852,1.1656568639038127,0.23311076260546681,-1.257146823897438,-0.9291006186421189,-0.9882248417037447,-0.13124068740420947
305,-0.07304689950837973,0.8666536694646313,0.8878802395784811,0.03597973488141504,-0.23168962836066276,0.04199995812985646,-0.2775507907777983,0.6622369451997769
306,-0.12251839551574284,1.3922598679228253,0.7439900516080323,1.4890748370475744,0.7865818136597501,0.5801256553812852,0.6259958110547121,3.0297957775144475
307,-2.534254777530946,2.3687146038242837,1.0338521528777065,-1.5703981315825373,-0.5899678387687737,-0.25189806300844375,0.0044020330800995655,1.2515711724622292
308,-0.5946369518565935,-1.7525057653793228,1.9094497691101147,-2.0638501482952987,-3.384953367250983,-0.6083652045898518,-0.7362033131840935,0.2065605007865196
309,-0.5584931943598113,1.623511318113278,0.8007413408071755,2.1822479448147076,-1.0192188590085378,-0.46093206248374474,0.5995866036561834,2.0868419315242375
310,-1.764751161409685,0.9639044326975155,1.27997226378284,-1.8113680004452888,0.6805343336790622,-0.12874809815815103,-0.9642053863683047,1.2147999057845866
311,0.6017011392166922,-0.7782995258994581,1.1964894568651965,0.2821739690927497,-1.7913354999727906,0.943203165523969,-0.20251583190772382,1.3435906089184921
312,-1.758866495377566,1.1394808572823756,1.2954590108468962,-1.0607872283426547,-0.723577403699234,-0.23124271562373178,0.32158141447234345,0.09176593754920725
313,-0.26795118313166233,-0.14847604383660573,1.2729826411223204,-0.37990535360371824,0.72857146211093,0.4088575150010625,0.021718603258944258,-0.05600697911516139
314,-0.5424182759155495,-0.04635580656685234,1.1101134300419397,0.5424011906404709,0.43690641654433476,0.9187848505393474,0.47142775745104526,-0.20637375753120402
315,-3.202196249515278,2.96339714965206,0.9833257045462456,0.17021027614450202,-0.42771167107102426,0.30560572615258685,-0.74946600312199,0.0957148050836224
316,-1.7320740829778005,1.920833037904027,0.9943739270179006,1.4292713816990132,3.2328955207575514,-0.5086952679006362,-0.47279088748053044,1.8165499478066462
317,-0.4909740044300588,-0.2497723901583213,1.433890582637324,-0.2538640748217609,-0.03410950615958158,-0.384004816122796,0.23617310129232472,-0.4647101139272397
318,-3.710590735785953,2.230224950722422,1.3254945268600449,0.7821459853176898,1.094799712106861,-0.6137050197072194,0.8033964266726743,0.988054692241979
319,-4.1407249544715645,2.066853362191775,1.396837140615065,0.29625101556804423,-0.22028080257769334,-0.555838147310147,-0.1397148687473011,-1.0348692045323742
320,-2.1158766155960818,1.1539055034248076,1.3478023538814166,-0.6057239618375142,1.4543682455062688,-0.43876788641492803,-0.012741067417318286,1.1752258211471895
321,-0.9726306522051925,0.03760258608998457,1.2297696268141551,-1.7180148011416645,-0.6041965889942763,-0.16411886326335234,-0.5303153068640805,-0.07451032431358207
322,0.7526931005327933,1.5109662869705636,0.40394029698727296,0.4491734089483098,2.59266811980939,-0.008381119929932845,0.45823769327391317,1.8473628704314935
323,-1.5580749829661928,-1.129651940572523,2.046630625879861,-0.542231834093565,-2.1577442093968657,-0.381807907076374,-0.6222012169278575,0.5727075889291915
324,0.6044655545111057,-1.2177543169176426,1.5633328889802822,-0.5811365130013075,-2.3239404074909746,-0.13296301171512703,0.2615352280967749,0.42653435418406926
325,0.6572097110214177,-0.6295126572171859,1.031527955077969,-2.203637518013574,-1.6294123548674766,-0.7667200488686103,0.1134036518510344,1.4232122358106845
326,-0.2916721223733053,0.8076855712348068,0.8198136230758288,0.9727589024100786,0.9644382591856885,-0.5753788634214938,0.961808174780912,1.9257354785221579
327,-0.3263049296016961,-1.2776920563720164,1.463192134030212,-0.48171965693591023,-0.8507539944183807,-0.1367428126348913,-0.9713683224730862,0.44730358019990296
328,1.1874438157160636,-1.3976759406888926,1.2042633753833938,-1.48467741641056,1.131226598192053,-0.12810752301600137,-0.3069361901638765,0.0014501334997072401
329,-1.5379455790122485,2.3380332102617025,0.7318507255728344,0.374332364675211,2.498225542337919,-0.16928187139035167,-0.4748317089372789,1.1507403851088613
330,0.47098752964746793,-0.3292444061478985,1.0943157174767815,1.203162440613568,-0.9740938017166851,0.20230024010165581,-0.1692441390071362,0.9751142825074468
331,-0.9172875802737595,3.52199276195273,0.25470581470094167,0.780581477789279,3.3762893958282714,-0.9627472839192088,-0.7627900145439439,1.0146739764532577
332,-2.270686365467797,3.1403854225093206,0.6205632704709906,2.0595985611780114,0.6525310014406183,-0.5713108064296988,-0.7516775659865076,1.3593902393785742
333,-2.754740596899156,1.076591973817211,1.3821905764925955,-2.0428129411843967,0.05644187261768761,0.510530485366937,-0.009192149847717213,-1.1365668767150798
334,-0.43361394506558093,1.6887209129094827,-0.6320904582933524,1.916407773429719,1.0150944986143402,-0.42672872002392914,0.1772437926546211,0.5321316333109704
335,-0.04109311561195983,2.9781730256830867,-1.3571689133498614,1.9411066359286324,1.8466437671760274,0.874036572837166,-0.6497636449078941,1.4172315948480438
336,-1.946816264330934,-0.5184207284786342,-0.7855126956710016,-0.14854690702448314,-2.140309127269523,0.737935132210332,-0.15442647418131772,-2.5271323721521597
337,-0.8793274940883834,0.8645394369669661,-0.7488385551813093,-2.2324201190129402,0.3056606118634423,-0.9130545714385845,-0.6656923682537113,0.7074459018914507
338,-0.7894471232652245,1.4265203628711536,-0.8508035512575924,0.44504284484554196,-0.25617136676543684,0.45740556671203025,0.08670256679612054,0.7839959173531628
339,-0.5638963063871041,0.4553944647313528,0.11498866575914723,0.46559995273087307,-0.9620466896847192,-0.7273005692608101,-0.5339935694416258,0.1957399966037921
340,-2.3816419945775427,-0.45485563689789865,-1.7579436423191455,-1.3656163633904677,-2.029575649817325,0.6054615671344841,-0.6801350584709593,-6.429019821107795
341,-2.0279099447428193,-0.26553789800226246,-1.2191935100680105,0.1766541127969904,-2.8961574770914726,-0.6142660615998952,-0.6001523044915902,-3.6408159365075905
342,0.4005877677450105,1.782759648265817,0.4083698174913797,1.0715037473374502,1.2345966287529093,-0.8138689672346167,0.8549719250184276,1.5129539783276151
343,0.9661482742077756,2.763874021658327,0.383379042237882,3.008762158440119,2.6607562049756117,0.06555327131144817,0.9681709319022791,3.567662156967445
344,-1.1369170850359647,0.9666160290329578,-1.074941040877039,0.7562427484951861,0.6257978364896959,0.6861639239520423,0.3065403040517305,-1.2253485153326893
345,-0.36109948418935245,2.0220857024127956,-1.2607497294038283,0.5676564311994682,3.4194737582389765,0.4151236318432183,-0.7518445416777579,0.4399742762623611
346,-1.7905664685049425,0.6510340439110655,-1.8023658854074343,0.05309178651682056,-0.03295892877982016,0.33998179506285564,-0.9942804266250309,-4.240957177396437
347,-2.0581284140262994,-0.13084005872796678,-1.2446792068386952,-0.2220534864289968,-0.15819576176759076,-0.9779267847388047,0.47704978759280303,-4.3782224149978255
348,-0.02841344690814096,2.2931014199990307,-1.0807685971919267,2.0878816620133303,2.81269724973078,-0.6931767811769798,-0.8062121444331316,3.113692857505727
349,-0.9512375736986215,0.5881326972140195,-0.302228398999829,-1.053336816993874,-1.4342191412787952,0.739458216617811,-0.6402006335594232,-0.656686512309463
350,-0.9281356113218981,0.943575981854078,-0.8796557586490756,-1.242967347278016,2.438296283866373,-0.6753187097728068,-0.9184121320301109,0.6332232977034696
351,-1.3961234507237914,1.1687402958681847,-1.864332400375074,0.05810111202937507,-0.43732735148511837,-0.06346070698540762,0.5292177808319678,-0.9382919420509868
352,-1.2702506829849278,1.4549428073717896,-1.7254462448119883,0.6900923209616691,2.1523601321789725,0.9422530886657048,-0.8143464427907339,-0.43271414207843506
353,-1.7844915020277514,-0.0703498652010397,-1.3016513198740807,-1.8663236820240576,-0.08279803006330233,-0.03821224223083686,-0.30771409511013226,-2.750364596028651
354,-1.4639073218761407,1.4218279322604404,-2.0970713779374432,0.00475790598563669,0.30053726395480596,0.7429680081974956,0.48424794362376744,-0.7609784383381764
355,-0.817768114675061,0.7219030806600244,-0.5150981671979377,-0.31969562649612204,-0.7642226927596579,-0.9001267093114784,-0.9521538762860726,-2.268688708909311
356,-1.0445433585673547,0.5373772924918477,-0.7045900406196204,1.5997466820713089,-0.09625899206993546,-0.11912203061380255,0.7008610638826858,-0.9367724853731485
357,-1.1350644806962102,0.5870938711653637,-0.9687154976296585,0.5926407289947719,-1.2670982096007104,0.16747844960013514,-0.09316719959776942,-0.8153916272234996
358,-0.8130955545722008,1.3155562451867557,-0.8946931857347429,-0.9766303427361135,1.4419397049130436,-0.3960831734534238,-0.8898453461604026,0.6690795529278469
359,-0.7871361672198511,1.0130720939364664,-0.4380842142853064,1.6081884909683923,0.9989770901767362,-0.4960217837041865,0.28158689609294263,-0.4527182338373527
360,-1.0346870609721963,0.7593422165680187,-0.8009609570224634,-0.38508315985401204,0.6538244094021467,-0.36414982691026276,0.9300132315969671,0.8765024044563703
361,-0.014502861955141721,1.7095297222484807,-0.18657058880767452,0.007945704642711604,0.4775077316962353,0.8287001713492561,0.2775606701969029,3.064527801977407
362,0.35147429826132504,3.1593606787282598,-0.8219716690878025,1.1811633134062147,3.498484728950389,-0.5356875947667679,0.9522717635804676,1.4902834489812906
363,-0.20834487197653584,1.5860809371662499,-0.4766823482574212,1.5221013527202134,2.7373554549995873,0.44186019944615107,0.5630882458656925,0.30750062526658395
364,-1.3925482772843492,0.9734665097964453,-1.6669964117232074,0.9499783209109374,-0.6277874983021612,-0.20871302454280038,-0.4850084556035248,-2.523504963658702
365,-1.475248248003168,0.6659179250394345,-1.5622692444354382,0.21716051514697599,-0.590415449050027,0.26692132728144125,0.04106967518626159,-2.960420789727512
366,-1.1228943705351955,0.7194655734311386,-1.0590781862281773,0.21487378495380868,-0.03367614702705074,-0.7960934697726616,0.28082644992094874,0.27059301397259583
367,0.4051573126677841,3.216210785986501,-0.9408084907127471,1.2690396297036974,3.172403164336376,-0.03063575872023483,-0.8378862814788808,0.13929466410152447
368,-0.46196742905417343,2.7845880215255083,-1.6634793346162047,2.136413552143648,2.6860517279614737,0.9509802852832034,-0.28370255429410407,0.9275001821271744
369,-2.743141831079645,-0.8492573628748392,-1.7816991600486913,-2.275445382161253,-0.28494389506348106,0.9736309141156008,-0.6130161433039494,-4.438195699985252
370,-2.780773152660052,-0.9624711831806996,-1.3498044444547765,-0.31904691646553296,-0.8195743892363352,0.1056375443881874,-0.192085233078352,-4.193591461855724
371,-2.1767660795095187,-0.2707548960209989,-1.2724328404363914,-1.1368121404899205,-0.2316426379070431,0.5109841389346064,-0.13085363016819995,-2.772132253748912
372,0.07710814101665098,1.539461831745514,0.44968131542468814,2.1656945412841884,1.3235917205239693,-0.08803243367864289,-0.6938831057380537,1.129791832921085
373,-0.12624684588161994,1.6557095237579664,-0.31897198162972473,-0.4086529965224972,0.5473705908049922,0.6241045286893869,0.8920542552371322,3.120786016940197
374,-0.659762610107259,1.0665973342554782,-0.8206195419802298,0.12976498759471172,-0.5699274259649375,0.5073510044346246,0.2679184311221996,1.0874777035300762
375,-1.2551483731280033,0.40217889774669435,-0.8643344238459328,0.4864796196658936,0.19816511638862228,-0.7785362292279312,0.11997319434485809,-0.4944556443702577
376,-0.8117261537450542,0.9098922304407793,-0.8320947608423154,-0.10504579305785933,-0.5020232688440407,0.7655121301577597,-0.5921791778854943,0.5881584102687194
377,-1.0100737109615376,0.7217506931796729,-0.9024010768184572,-0.5048516109688912,2.833909197073085,0.9991994537967093,0.25686902360237407,-1.6888929229893463
378,-1.156981522708885,1.6707354072832161,-1.6786931109624512,-0.25466785498103095,1.684170104129075,-0.30249976924730104,0.47371321523621357,-3.4470124494579166
379,-0.8335000684164828,0.4273967760062022,-0.21405218561291917,-1.136729497932355,0.05116573864156214,0.09604436103041691,0.837674857945468,-0.0619063209290166
380,-1.5366665535308368,-0.2436010875185326,-0.49907631038319955,-0.4302893889477499,0.41870749946349706,0.2627517431368638,-0.9856424817752953,-1.0354171062675084
381,-1.5620299077852469,0.6175426732046717,-1.6598764015745953,1.9605744602409734,-0.010740793850296838,0.49331024614671337,-0.8815846614208802,-0.9239739698708516
382,-1.436288021793845,0.2295081528172198,-0.8721004015300389,1.1450212084884783,0.6401176617865707,-0.5967177394730638,-0.852350621184099,-1.4301254884561343
383,-0.6371416252505945,2.1772199121420805,-1.3220330733422414,1.9285976495717052,2.291139775367264,0.08050678154904789,-0.23955296098179923,0.2650568342245453
384,0.342444574870701,2.9523834047852944,-0.26582216852144924,2.327196203742729,3.5721289080994887,-0.49086062929538654,0.9994039000168498,2.1609811556844116
385,-1.2553119725427213,1.1328527352279616,-1.265805492820994,1.0857960418016253,-0.07065665306923019,0.014209780700668695,-0.4472768023317246,-2.9758163605501133
386,-0.9243413214991001,0.6702504508658772,-0.7341378726003616,0.5138798729698275,0.38412093378965584,0.5849440585748635,-0.4196385515420149,0.3214605504654354
387,-2.8939706433870898,-0.9850862944136014,-2.374454865549608,-1.8572120322692671,-0.8740952867788931,-0.95115774196399,-0.5134740800713979,-5.317210182127051
388,-1.14584319675892,0.6431620459357089,-1.1369962311045985,-0.11810340226731464,-0.08603072644613402,0.6008492949323794,0.9347274393867531,-3.3997012322671423
389,-1.284805400258204,0.979286580227855,-1.4522456060633528,-0.2784853260828533,-1.285485724864311,0.39506715881219523,0.33451998559252294,0.8216660220607361
390,0.7666633675821481,3.495503191418379,-0.7234081018538807,2.273356760316916,3.6019792453525747,-0.21505345193550185,0.5906669458658842,3.1838001791340274
391,-2.0636405070759243,-0.033260219265644375,-1.6409330339899642,-0.7762385581390224,-2.3118948226035245,-0.9828689687723895,0.08238267986103898,-2.315933966068684
392,-2.1058133456936674,0.6043452885007061,-2.374579231873297,0.043742915448988784,0.6386141835961713,-0.13975818834313136,0.19968672977060464,-3.220489657203114
393,-0.9476345251720835,0.5954972205215839,-0.33597917599950744,-0.34852344432489524,-1.5969590995539442,-0.46405900154041957,-0.7394812345653732,-0.22945597038631543
394,-2.0064929160526583,-0.12535898747333252,-1.3327472517660524,-1.7125552819090848,-1.3874913411223868,0.5601239918324845,0.8208018383878815,-5.092585422311816
395,-0.5778449998995723,0.9248831012176498,-0.313233612065672,-0.7798798130482592,-1.4071789447745644,-0.8161447380291851,-0.5820710525685695,-0.4077922911440018
396,-1.7494160972341681,0.542761697768232,-1.5302960774766232,-0.26091537987668245,-1.2377979397880088,0.3763548050043579,0.9014573447401493,-1.0672692401005197
397,-1.427240353293132,0.10196060458893874,-0.5845666820716658,1.0613214836253877,-2.492259351856868,-0.5521588260031531,0.5055357676184635,-0.2614575330249782
398,-0.7516423672433262,1.9633385290501253,-1.508070394618242,0.7107598778990823,1.72853104526516,0.4762867518263596,0.3070526324556164,-0.5266169447642026
399,-0.5961104623911058,1.2668349080430872,-0.3321564732911778,1.1860238461100447,2.4110161481033456,0.39477255122103516,0.7923197583400039,-0.3679001398971146
400,0.5679459411636549,2.7116306604705325,-0.325795708630492,1.2250537021693635,1.8882234859677585,0.3638952005942129,-0.32272682866170577,2.8284627940661755
401,-1.9682618723860257,0.4114339288749276,-1.8488131431122623,0.5062578076408473,-1.0734504713702588,-0.9753226438003271,0.2809154623688441,-1.5933479770051746
402,-1.2916462227040961,0.5127724107066367,-1.0694574842070077,0.7032199824825068,1.1891088569364388,-0.903651836977541,-0.02408770219198253,-2.6346926394700714
403,0.4676706636005423,1.8313831249008659,0.35752765425408617,0.6238060722504288,1.3609130040886592,-0.2085783865472619,0.17875619891291827,2.678455451639117
404,-0.20244388318240913,1.8460963691598056,-0.8824332231283358,1.4458081266709715,2.8266697671074383,0.4869562653167576,0.302294729568797,-0.14031417048717687
405,-1.593048407296183,0.7722127266740076,-1.1912521068137933,1.288877889336662,0.5712660224152024,0.6698807716425623,0.6731037482290889,-1.9140055012609447
406,-1.7030757236345262,-0.2318465929776894,-0.8063636503246595,-1.9014767063124807,-0.9988776573025797,-0.48159245923871175,0.38829342330101313,-0.5680605646065182
407,-1.632077067069993,0.0558244390191831,-1.0561338549414463,-1.1890247365622741,-0.8031193301976545,-0.2045557100737183,-0.4117156236682953,-1.8895567964598412
408,-1.531256306782543,1.4032518788179185,-2.3031648206350885,-1.1904657193367325,-0.8389981138072623,-0.5264574362590269,0.10170042150560366,-2.9004456725483814
409,-1.0849855853276915,0.34330915529877437,-0.716851266211916,-0.029672003532041274,-1.9330571554192177,0.7892607086531238,-0.09838048870248484,-0.31874935355395506
410,-0.9933497760652675,1.0328434008090257,-1.160996179135456,-2.3267072053801385,-1.3370146913468128,-0.8660148437829605,-0.9016637609899818,1.0935238127525506
411,-1.3081516435754628,1.2641337457979065,-1.5814538441687516,0.5418166635623645,-0.5986957863997611,0.02632687946538481,-0.6644031315211416,-2.0619411312053884
412,-0.4935631635338882,1.7501939771703077,-1.0223062115229784,1.5902480468328353,1.293173009603535,-0.7659715723782623,0.15927243206274677,-0.6848085217206661
413,-1.2514222754922617,1.5553338148385132,-1.5279357656408503,-0.34492129557438933,0.5261838337312919,-0.33426954094417827,-0.7453449697840084,-0.8854423250474435
414,-2.4122498451481094,-0.7064323927360125,-1.696782569132937,-2.286556989040583,-1.550544643829332,-0.805073334040133,0.49294864274277406,-3.442883303773974
415,-0.8656513679772979,0.9251215297098951,-0.6005853554074343,1.9666050145796738,0.2986380951803474,0.6430352044613543,-0.6912066238183532,-1.1855872160108811
416,-1.684240587971684,0.5253495832073969,-1.5590418554158516,0.5006754262484405,-0.02952771477567647,-0.5755866420871787,0.020625560854209413,-2.926049079895186
417,-1.868732954093378,0.3694482667990244,1.527636975222092,-0.01253826393390095,-0.500452353239965,-0.6102447207978929,0.3429135259619207,-1.731532281570149
418,-1.6907904816038726,-0.6451925618734966,1.4565609965846185,-1.3919195528292445,0.035873277517826097,-0.5720172058183406,0.29562492703970866,-0.33775730170020585
419,-2.3094890741611724,0.5184127127581823,1.8822106104726117,0.1734814093527295,-2.607621674560205,-0.2327963411754661,0.5561220269125917,0.09223737657423489
420,-0.4117190481736879,-0.7067240827698638,0.5813880244347014,-0.05600627926685553,-0.6133157406601979,0.6861161795432424,-0.33165781105759184,-0.2414517758258063
421,0.22639283903001672,-1.588229212475316,0.17959429559207196,-0.9316353056251798,-2.2675627523113286,-0.8888613242151278,-0.2909631388853082,0.1938939330717644
422,-3.336842465834459,-1.222670744857413,2.7307557388418675,-0.43688482037247867,-1.8698041505685592,-0.022978455612743698,-0.35096741502674056,-1.1753120822740213
423,-0.4529346812852081,0.4444461421802375,0.5046755033562702,0.21368959101412394,0.39347499042903256,-0.1944243828885972,0.4336918794039617,-1.5544872643925154
424,-2.522668675076427,-0.7153341093234051,2.070043689685824,-1.429606431193845,-1.2880252604273073,-0.2605694023580023,-0.7156473325832005,-0.3597632403506325
425,-2.3445853771147473,-1.5154569561829487,2.0579346158152783,-2.057362701658271,-1.141664362586351,-0.36076424165931664,0.33322732551709255,1.0122368302073614
426,0.5653622433972998,-1.2171789103850548,-0.14477415288391615,1.2348754309862313,0.38743565549668213,-0.5247207948011088,0.34297131455077623,-2.952361536626423
427,0.5294975439425524,-1.040204277273466,-0.18021517369525197,-1.2107021335161203,-1.3879680018089113,-0.4712453750594636,-0.7849182172404279,-1.1021090792655355
428,-2.7689938854070486,-0.8676763227263308,2.2171347168859215,-3.1491884370414818,-1.6066056014342314,0.5917339540229649,0.6764169325388822,-1.2315290810947053
429,-2.356475253221966,-1.0477588305690597,1.9529568057026463,-2.152011445866891,-1.1830572784503919,-0.04650026407357499,0.5954463766550093,-0.9004257522020644
430,-0.9642391261501924,-0.7328708766493628,0.9505415741021166,-2.1508626079062205,-1.9850958243090049,0.5371272103274869,-0.4177533077386708,0.2635508983224095
431,-1.413103181290555,-0.7804932510928582,1.2808626364869378,-1.7632943147670594,-1.715548160736132,0.6948426869447883,0.7823470847656409,1.1390976443312124
432,-0.02008901145828501,0.6170675880920697,0.21697119381565522,0.1694123675750056,0.4569423088375097,0.1869686998954041,-0.8369521107626079,-0.3351658796457868
433,-0.07628146079967002,-0.2769612085257176,0.24650508635505985,0.8897784384637679,-0.045641005970314064,0.2930586018811907,0.4880158544853017,1.5210262948420226
434,-0.6087792654852442,-0.0007686969005356037,0.6589953339606149,1.392223865612378,-0.16789024810418335,-0.8837578750138422,0.7213969846935249,-1.2467143720418388
435,0.9504856344124553,-1.2144193215029528,-0.4255401112843895,-0.7010342135154948,-1.0186650887721416,0.6443208463584009,-0.023232108992861322,-1.400850319716795
436,-1.7224698267648075,-1.9071900384046225,1.5891644999860004,-2.97918930291319,-1.2801997980954138,0.7838237976632327,0.7085146044188386,-1.9520761527552615
437,3.284442088091599,-1.2595658493417754,-2.1360587198586005,0.44981308613443616,-0.4851980417137038,0.6175210584030748,0.6623175512700377,-1.7397885466909822
438,-0.4626377673311898,-0.14698401665115424,0.5323687264049717,-0.3778961806926887,-1.2324363385910968,0.9918724206625837,-0.2204092303836831,-0.8438000632746556
439,-2.602191688646163,-0.22876856707428783,2.089462123489395,0.9708079837678987,-1.602932399301518,0.666008972581406,-0.42118241162316084,-0.13644017585249152
440,-1.8270280682920617,-0.880771820904227,1.591666919508791,-3.46077831443435,-1.4651648144339846,0.04476097299259285,-0.21748794324991816,-1.3838891107315314
441,-0.3008034613917071,-1.5140879861526522,0.5763317698829785,-1.386739832191691,-1.9949782320335476,0.8912672966088182,-0.6494323502680128,-2.071830598833313
442,-1.521633183107435,0.4762724741028759,1.321365607154295,-1.1841623673056685,-0.19126254858595199,-0.11738800286316864,-0.40030463854629805,-0.07572349471740314
443,-1.35139004265182,-0.9970816127751322,1.273651299746295,-2.6862373555019037,-1.2464360030740658,-0.00549662963369002,-0.6063758086417763,-0.1906166343671204
444,-0.13573786514734398,-1.3556284016412539,0.42177518839619044,-0.782512935506675,-2.825624387818273,0.32333905354224624,0.6270742722740144,-1.7303662994795606
445,-1.646126953463448,-0.39029203416375213,1.4440188674875494,0.591067024612463,0.7921395856705323,-0.35786069948790944,-0.9560545877430753,-0.22081748242464327
446,0.2883296496367169,-1.6733513263483948,0.1697173207249556,1.6038199445071595,-3.6787469479242514,0.6761585311446614,-0.15232154056564462,-1.845295528124539
447,-1.5890859166758569,-0.16153696991602917,1.3086765840943797,-1.1049898578591382,-0.4893918796134153,0.5524974398130356,0.42722736199622946,-0.10532922401074163
448,-0.911476397456784,-0.7196127841232655,0.970199299410964,-0.4286870228525674,-0.5943678742914749,-0.46633517734623786,0.33138627659755504,0.332993315389972
449,-0.41005623767552024,-0.6338344906242747,0.4939880669033758,-1.481279521039407,0.7095451985110321,0.7457971793257594,0.05726552014767483,-0.8929969641513044
450,0.3499522571312812,-0.40593233418701513,-0.08156333950257322,-0.03527422748755139,-1.8133106506758496,-0.9403159416238249,0.953375409787601,0.345569481987125
451,-2.5974993719133885,-0.6806787687420632,2.154719756268616,-2.602126971818229,-3.3261159159409925,0.1603032377592839,0.7722612943545888,1.0535833953909126
452,-1.630658139203537,-0.8448289473769285,1.4929245647420815,0.7129258781961736,-3.167809837034785,-0.8707540924798154,-0.06208444699510318,0.2743876075422391
453,-1.4164813027330687,-0.7626174897451137,1.2760019277166292,-0.9688046484563178,-2.355055474956518,-0.5788798712764647,0.1648558408425005,-1.1576878387464777
454,-0.46512017123691085,-0.45480758692857515,0.5832917952114909,0.24243182474782043,-2.14074821075447,-0.8462137967161529,0.5693558194263497,0.44694269459885483
455,-2.1893350679767414,-1.7103891135796119,1.8335513525912477,-0.3954638278674816,-3.3969501783914193,0.2510532341217271,-0.4819697691415332,-0.7402301141745874
456,0.20568498502943444,-0.3262109110318223,0.09096311176843264,-1.4063122712662595,-0.5424610095005873,-0.8730270003798715,-0.12160360765686384,1.0489060307660434
457,-0.8860384703699442,-1.148371949079106,0.8686437637704179,-1.4764680344177656,-1.5714664369612623,-0.07480339819279758,-0.40535797969664067,-0.7005087742029974
458,-0.26077472934086754,-1.7137085402149397,0.4890844769674507,-0.6798025609672662,-1.740440377481429,0.8680262781385524,0.570181907053543,-0.4076463658064534
459,0.8301368696216129,-0.2635898441865252,-0.3811426618705538,1.5241960176963285,0.6823439289584892,-0.6683111762916154,-0.7379398969229836,0.6484712036432883
460,-0.0927485517981338,-0.015806908186195345,0.24067357679011658,-1.0564931325551719,0.05075246738710982,0.8012241732407719,0.6981296189785875,-2.817329625066386
461,-1.7381183403948772,-0.7188101878692047,1.563216453137596,-0.3523993969678678,-0.6862668419111284,-0.02770179749189694,-0.5349324600838175,0.29556102314615607
462,-1.749420217127693,-0.3925708880622537,1.5037101066163905,1.7062775574816949,-0.6270652427961565,-0.6932260071489589,-0.18895317623338004,-1.8544034542664571
463,-3.113642994348898,-0.9687446551547211,2.575244177664921,-2.518423407398977,0.158420835679705,-0.11203505837861671,0.15983386833677327,-1.8504204241521698
464,0.4694861537387811,-0.4085299802197231,-0.10176728942634616,-1.0523224449828599,-1.2185399529975793,0.8664894721493162,0.38307668547406704,-0.18733147105681153
465,-0.8313836889608179,-1.732486854190909,0.9707452076977022,-2.5366219737339932,-1.0904349119637273,0.11104548306916384,-0.21298612755086,1.0394530983544157
466,-0.26383254951807034,-2.121988664280509,0.5544225464511633,-0.9440511116069132,-1.8108280082463128,-0.7249146295842925,0.10837117054102086,-0.764240285686478
467,-2.7601156550589168,-2.262883979660149,2.3221705007477667,-1.2541716700172536,-4.165434753480064,-0.5547722409658657,0.5756766772537114,-2.654912690409291
468,-0.15356577065742838,-0.6127434205609327,0.3184235280303688,1.6116936745444927,-2.0005276807349435,0.2693265977946462,-0.874162313972574,-0.5452852146370579
469,-0.44914657886349985,-1.1041608313694313,0.61341763679582,-1.5314758911555246,-1.7527593619459965,0.28818250869760864,-0.7191052329286287,-2.628059353902108
470,-1.9385448357646293,-2.030245771852573,1.7425805076652399,-4.4054208297009385,-4.14726386988568,-0.590128850016933,-0.4739566773928183,-2.801349781254855
471,-2.562109023022436,-1.1229075782182827,2.160260370435082,-2.3086932143636516,-2.306492004215077,-0.4834153853141945,0.7237856590085248,-1.6262138071414922
472,-1.3508821594618883,-0.8608290400840819,1.3262266893602819,-1.4260798073175607,-0.7665921621151502,0.43673302882049225,-0.9570655536495216,-1.5416676193259498
473,-3.115452885820401,-1.0641167879213753,2.5625851666820383,-0.863944356287978,-1.7456330617783187,-0.8387328944225663,0.8674944693032856,-1.2839156691876403
474,-3.27492353345011,-0.8424351023290133,2.678091199383429,-0.44798580447042724,-2.3887814851834155,0.23905366011821094,0.42602453066582613,1.15065191436824
475,-1.186925028528124,-0.13616624440652125,1.089838220494756,-0.82732169212413,-0.8373818224028091,0.8080576162062423,0.813294121848481,1.1329944861464667
476,-0.9155824954122725,-1.2546164341494273,0.9672657878918651,-0.5996289363853747,-1.9053797895246158,0.026648020659666205,0.19703877922671165,-0.02190441233350937
477,-1.1994985343959192,-0.7067667436324142,1.1542121242939651,0.448981135021308,-0.9651357517941225,0.328326349990796,-0.3195105644490184,-1.756490675624257
478,-0.8177933376829064,-2.2394348234095935,0.9820827499037078,-1.9379052172462816,-2.933194337178569,-0.4091518909495979,-0.20396683459984954,-0.5891264987243596
479,0.23002162392725678,-0.7136872743977556,0.06889808113467988,-0.5287056072714595,-1.1260491269087973,-0.10437663682575304,0.012979061091961341,-0.499831432057277
480,-0.09404524859642271,-0.8812914626595416,0.31711370177141207,-2.7178516517061415,-1.2306481825748627,-0.7341410923589975,0.7534480373110866,0.7758992313819228
481,0.7651345778480421,-0.9808082921284786,-0.37032206474584517,-1.1725537727975652,-0.68280347926208,-0.42984468822588995,-0.866741485765375,-0.7106536879737025
482,-1.1877514182235114,-1.241495174285486,1.2175767146452647,-0.9189245088191016,-0.9393829475078489,-0.9848100849867116,0.7492133211007053,-0.31128920352957024
483,-0.34995526053864967,-0.02526008770951682,0.5169793581813498,-2.154635232799124,-1.3393047753249832,0.22931954032718704,-0.41294158413436666,-0.6980940267122697
484,-0.6887005353503795,-2.4224914172811634,0.8674722113201433,-2.121218147986679,-2.5509637291757032,0.3474566733199933,0.7141326197173401,-2.516805785573195
485,-0.5488483856740658,-1.6643338898376308,0.7124110097079535,-2.020591916901205,-0.19542787219150837,-0.7093783928144854,0.5662638772261246,-2.6311588922603644
486,-2.046522797847959,-1.3020509885526814,1.824831895097479,-0.43710131905944927,-3.410101726461619,-0.06280979003881093,-0.6956441747794129,0.1988864605445495
487,-0.9992811096515607,0.18366357034244007,0.884777177682245,0.5386938821786978,1.5321357227228147,-0.43049981712359675,-0.16652414867489385,0.25745514948380493
488,-1.68215397582233,-0.20316221375191068,1.4581436671615964,-0.08054549527106547,-0.6674290687197754,0.009636138150010742,-0.3546770039996101,-0.22090643318747832
489,0.05233291909279014,-1.077354243622074,0.3146443240162138,-0.9732367793947356,-1.3487331659585693,0.7823063533043333,-0.412689540403703,0.032212895153250654
490,-2.221175475073321,-0.35879905055526073,1.8327187691569347,-1.5241524240083368,-1.0513175340900904,0.678483470285101,-0.843579387063945,0.7130503614917254
491,-0.9932027130163001,-0.5927553651741431,0.9641595542449312,-2.515485040239802,-1.2528361281965785,0.7324561335969284,0.152415822420644,0.42089043771548895
492,-2.9731744944698884,-0.4752147922763582,2.356071349686415,-1.8858991677275747,-2.6143178269471283,-0.3131397202191635,-0.19270562882782039,0.30934841687439685
493,1.140306010582714,-1.4323720999000302,-0.5228302502626951,-0.067068799311363,0.08203220335721906,-0.4614061765881061,-0.6770594870875761,-0.5202745630469532
494,-0.5583664915028971,-0.7593119854998827,0.6176424171542464,-0.04315946100738055,-2.4186738943224446,0.2598256842424276,0.6323261513700043,-2.2773082553434882
495,-0.6227539183169579,-1.3031959220973253,0.7569019758074688,-0.8000487082319191,-0.8986963529039783,0.29300148241234103,-0.9875579087245399,-0.011751133364335309
496,1.469101253670102,-1.7023819221116523,-0.8309829839516243,-1.159802272591031,-0.6163915294351432,-0.4047893236792073,-0.2571853219869926,-2.1981514634799746
497,-1.5988585709884462,-1.8221496032935827,1.5093864295956954,-2.9319110842784184,-2.234386108782441,0.8858867322113064,-0.07871766503606747,-0.8301706693796216
498,-1.5511377163162143,-0.7435291923066051,1.4475218674679968,0.662342227963951,-0.9508557985693836,-0.565316491132426,0.4531642852566018,-1.230765088788549
499,-0.3217442358966276,-0.04900036719248568,0.4730211148457858,1.2490212486924523,-1.073135531418364,-0.5282757534968556,-0.4426753015598286,0.19773561180419044
